orderID,customerID,employeeID,productID,quantity,unitPrice,discountPct,orderTotal,orderDate,orderTime,channel,paymentMethod,status,deliveryDate,rating
1545,8,3,1,1,1250.00,10,1125.00,2024-12-12,13:55:54,in_store,cash,completed,,5
1071,1,,3,3,89.99,0,269.97,2024-02-28,18:05:49,online,card,completed,2024-03-01,4
1104,21,8,21,3,14.99,0,44.97,2024-03-21,11:39:35,in_store,cash,completed,,
1488,10,,7,1,1100.00,15,935.00,2024-11-16,12:06:08,online,card,completed,2024-11-18,
1565,12,2,1,1,1250.00,0,1250.00,2024-12-19,18:32:40,in_store,card,completed,,
1275,7,,6,1,299.00,0,299.00,2024-07-22,20:41:10,online,card,completed,2024-07-29,4
1464,4,,33,1,12.90,10,11.61,2024-11-09,11:40:08,online,card,completed,2024-11-15,
1474,10,1,2,2,25.50,0,51.00,2024-11-13,17:50:13,in_store,transfer,completed,,5
1317,2,1,27,1,129.00,0,129.00,2024-08-16,11:01:47,in_store,transfer,completed,,5
1557,6,4,1,1,1250.00,0,1250.00,2024-12-17,11:22:50,in_store,cash,completed,,4
1030,17,8,28,3,59.00,0,177.00,2024-01-24,16:08:47,in_store,card,completed,,3
1161,14,2,18,1,39.99,10,35.99,2024-05-02,13:37:22,in_store,card,completed,,5
1004,10,4,28,1,59.00,0,59.00,2024-01-04,18:51:41,in_store,card,completed,,4
1210,6,1,15,2,480.00,0,960.00,2024-05-29,10:19:41,in_store,cash,completed,,
1176,26,,29,2,149.00,0,298.00,2024-05-09,20:42:48,online,card,completed,2024-05-15,
1255,6,3,14,1,449.00,0,449.00,2024-07-06,13:38:58,in_store,cash,completed,,1
1261,20,8,24,3,14.50,0,43.50,2024-07-11,13:36:40,in_store,card,completed,,5
1578,3,3,3,2,89.99,0,179.98,2024-12-23,11:31:39,in_store,cash,cancelled,,
1019,20,4,2,1,25.50,0,25.50,2024-01-18,13:51:47,in_store,cash,completed,,
1157,19,6,21,3,14.99,0,44.97,2024-04-26,13:09:37,in_store,cash,returned,,
1219,9,,22,2,45.00,0,90.00,2024-06-01,07:37:16,online,card,completed,2024-06-08,
1166,8,2,13,1,599.00,5,569.05,2024-05-03,18:15:41,in_store,cash,completed,,5
1280,2,1,13,1,599.00,0,599.00,2024-07-25,19:45:36,in_store,cash,completed,,5
1002,26,1,25,1,249.00,0,249.00,2024-01-02,16:28:20,in_store,cash,completed,,
1151,28,,26,1,79.00,0,79.00,2024-04-20,14:30:07,online,card,completed,2024-04-27,
1379,8,5,25,1,249.00,0,249.00,2024-09-23,16:19:44,in_store,cash,completed,,4
1330,9,2,14,1,449.00,0,449.00,2024-08-23,17:09:07,in_store,card,completed,,5
1273,22,5,27,2,129.00,0,258.00,2024-07-22,11:18:04,in_store,cash,completed,,4
1228,20,2,10,2,799.00,0,1598.00,2024-06-12,18:41:19,in_store,cash,completed,,4
1013,22,5,14,1,449.00,0,449.00,2024-01-15,10:41:25,in_store,transfer,completed,,5
1205,18,4,5,1,74.00,0,74.00,2024-05-27,15:38:48,in_store,cash,completed,,
1216,8,2,10,1,799.00,0,799.00,2024-05-31,13:26:50,in_store,cash,completed,,
1287,18,5,16,1,349.00,0,349.00,2024-07-30,15:48:59,in_store,cash,completed,,
1299,17,,31,1,149.00,0,149.00,2024-08-06,19:29:22,online,card,completed,2024-08-10,3
1271,7,5,12,1,249.00,0,249.00,2024-07-19,19:50:29,in_store,card,completed,,5
1498,28,,17,1,280.00,0,280.00,2024-11-20,15:14:46,online,card,completed,2024-11-23,
1257,12,7,33,3,12.90,0,38.70,2024-07-06,17:43:31,in_store,card,completed,,3
1182,3,,24,1,14.50,0,14.50,2024-05-14,11:24:50,online,card,completed,2024-05-18,
1391,12,4,3,2,89.99,0,179.98,2024-09-27,18:43:25,in_store,card,completed,,4
1506,2,,34,3,19.00,15,48.45,2024-11-26,22:35:40,online,card,completed,2024-11-29,
1189,16,2,20,1,99.00,0,99.00,2024-05-20,16:11:17,in_store,cash,completed,,
1595,12,1,27,2,129.00,0,258.00,2024-12-28,12:06:08,in_store,cash,cancelled,,
1230,4,,7,1,1100.00,0,1100.00,2024-06-12,19:35:07,online,card,completed,2024-06-14,
1362,11,1,2,1,25.50,0,25.50,2024-09-13,18:47:57,in_store,card,completed,,5
1103,6,7,29,1,149.00,0,149.00,2024-03-20,18:11:26,in_store,cash,completed,,3
1489,12,1,20,3,99.00,5,282.15,2024-11-16,12:35:24,in_store,card,completed,,
1414,26,,17,1,280.00,0,280.00,2024-10-12,20:09:39,online,card,returned,2024-10-14,
1214,23,,28,2,59.00,0,118.00,2024-05-30,20:50:00,online,transfer,completed,2024-06-02,3
1025,9,1,12,1,249.00,10,224.10,2024-01-19,16:29:49,in_store,cash,completed,,
1262,17,3,10,1,799.00,0,799.00,2024-07-11,13:44:34,in_store,cash,completed,,3
1278,8,1,21,1,14.99,0,14.99,2024-07-25,13:24:44,in_store,transfer,completed,,5
1310,21,1,33,2,12.90,5,24.51,2024-08-13,13:28:56,in_store,card,completed,,4
1061,4,5,18,1,39.99,0,39.99,2024-02-19,10:13:43,in_store,card,completed,,4
1429,10,1,12,2,249.00,0,498.00,2024-10-26,15:16:12,in_store,cash,completed,,5
1402,2,,17,2,280.00,0,560.00,2024-10-04,09:55:18,online,card,completed,2024-10-06,5
1295,14,,34,1,19.00,0,19.00,2024-08-05,09:33:18,online,card,completed,2024-08-09,5
1385,14,5,1,2,1250.00,0,2500.00,2024-09-26,11:11:57,in_store,cash,completed,,4
1222,19,1,22,2,45.00,10,81.00,2024-06-05,16:34:05,in_store,cash,completed,,5
1284,28,2,25,2,249.00,0,498.00,2024-07-30,10:15:47,in_store,cash,completed,,4
1528,15,2,28,2,59.00,15,100.30,2024-12-07,14:08:15,in_store,card,completed,,4
1523,2,7,9,1,890.00,0,890.00,2024-12-05,17:02:18,in_store,cash,completed,,5
1263,19,,21,1,14.99,0,14.99,2024-07-11,14:23:36,online,card,completed,2024-07-15,
1121,28,4,9,1,890.00,0,890.00,2024-03-30,19:55:30,in_store,card,cancelled,,
1126,3,,5,1,74.00,5,70.30,2024-04-03,12:02:34,online,card,completed,2024-04-10,4
1264,2,,22,3,45.00,0,135.00,2024-07-12,07:45:11,online,card,completed,2024-07-17,
1427,16,1,32,1,9.90,0,9.90,2024-10-25,15:23:29,in_store,cash,completed,,
1437,20,2,33,2,12.90,0,25.80,2024-10-30,16:29:03,in_store,card,completed,,
1181,10,6,17,2,280.00,5,532.00,2024-05-11,16:49:10,in_store,cash,completed,,4
1457,11,5,2,2,25.50,0,51.00,2024-11-07,14:08:08,in_store,card,completed,,
1596,12,5,36,1,89.00,0,89.00,2024-12-28,14:28:24,in_store,cash,completed,,
1586,16,2,3,2,89.99,15,152.98,2024-12-26,15:30:40,in_store,card,completed,,3
1274,2,4,28,1,59.00,0,59.00,2024-07-22,19:45:31,in_store,card,completed,,5
1515,17,,13,1,599.00,0,599.00,2024-12-02,11:18:50,online,card,completed,2024-12-03,
1517,1,6,32,1,9.90,0,9.90,2024-12-02,15:27:20,in_store,cash,completed,,5
1460,10,2,29,1,149.00,5,141.55,2024-11-08,14:32:33,in_store,card,completed,,4
1407,27,5,20,2,99.00,0,198.00,2024-10-07,12:46:04,in_store,cash,completed,,4
1023,28,,16,1,349.00,0,349.00,2024-01-19,12:47:39,online,card,returned,2024-01-26,
1239,11,1,33,2,12.90,0,25.80,2024-06-20,10:58:21,in_store,cash,completed,,5
1195,6,,27,1,129.00,0,129.00,2024-05-22,17:34:01,online,card,completed,2024-05-28,
1392,15,,1,1,1250.00,0,1250.00,2024-09-27,18:50:54,online,card,completed,2024-10-02,3
1095,9,3,32,2,9.90,0,19.80,2024-03-12,16:41:56,in_store,card,cancelled,,
1566,19,1,27,1,129.00,0,129.00,2024-12-19,18:56:09,in_store,transfer,completed,,5
1365,2,2,22,2,45.00,0,90.00,2024-09-14,16:56:40,in_store,cash,completed,,5
1052,28,,6,1,299.00,0,299.00,2024-02-12,22:28:29,online,card,completed,2024-02-19,3
1504,2,,3,1,89.99,15,76.49,2024-11-25,09:49:21,online,card,completed,2024-12-01,5
1413,22,6,22,3,45.00,0,135.00,2024-10-12,18:56:24,in_store,card,completed,,5
1090,7,4,26,1,79.00,10,71.10,2024-03-11,14:17:29,in_store,cash,completed,,5
1440,18,2,20,1,99.00,0,99.00,2024-10-31,19:19:29,in_store,card,completed,,5
1453,12,2,28,1,59.00,0,59.00,2024-11-06,18:30:51,in_store,transfer,completed,,
1020,18,1,7,1,1100.00,0,1100.00,2024-01-18,17:40:11,in_store,cash,completed,,5
1265,12,6,26,1,79.00,10,71.10,2024-07-13,17:52:10,in_store,card,completed,,5
1115,11,7,10,1,799.00,5,759.05,2024-03-28,16:09:20,in_store,transfer,completed,,5
1046,8,5,20,1,99.00,0,99.00,2024-02-07,13:48:00,in_store,transfer,completed,,4
1188,1,2,24,1,14.50,0,14.50,2024-05-20,11:59:01,in_store,cash,completed,,2
1234,20,2,21,1,14.99,0,14.99,2024-06-17,11:46:00,in_store,card,completed,,5
1333,10,3,34,2,19.00,10,34.20,2024-08-26,16:52:04,in_store,transfer,completed,,
1208,2,,3,1,89.99,0,89.99,2024-05-28,19:19:55,online,card,completed,2024-05-29,5
1551,18,2,31,1,149.00,0,149.00,2024-12-16,10:24:36,in_store,cash,cancelled,,
1270,12,5,24,1,14.50,0,14.50,2024-07-19,12:23:31,in_store,card,completed,,4
1524,26,,14,1,449.00,0,449.00,2024-12-06,08:09:52,online,card,completed,2024-12-08,4
1017,21,2,33,1,12.90,0,12.90,2024-01-16,19:45:44,in_store,cash,completed,,4
1383,10,4,24,3,14.50,0,43.50,2024-09-24,14:26:53,in_store,cash,returned,,
1084,20,7,5,1,74.00,0,74.00,2024-03-07,14:24:18,in_store,card,completed,,
1211,12,2,32,2,9.90,0,19.80,2024-05-29,19:25:48,in_store,card,completed,,4
1431,20,4,20,1,99.00,0,99.00,2024-10-28,13:04:39,in_store,cash,completed,,5
1591,1,6,36,1,89.00,10,80.10,2024-12-27,19:27:25,in_store,card,completed,,
1514,6,6,14,1,449.00,0,449.00,2024-11-30,15:02:20,in_store,card,returned,,
1040,14,4,5,1,74.00,0,74.00,2024-01-31,15:58:58,in_store,card,completed,,4
1326,8,5,21,1,14.99,0,14.99,2024-08-21,10:53:16,in_store,cash,completed,,2
1337,23,,34,3,19.00,0,57.00,2024-08-29,22:59:38,online,card,completed,2024-09-05,
1334,2,2,30,1,210.00,0,210.00,2024-08-27,10:35:56,in_store,transfer,completed,,
1152,26,,24,2,14.50,0,29.00,2024-04-23,00:09:11,online,card,completed,2024-04-24,4
1588,20,5,10,2,799.00,15,1358.30,2024-12-27,13:27:31,in_store,card,completed,,
1438,18,5,2,1,25.50,0,25.50,2024-10-31,10:47:42,in_store,card,completed,,3
1260,19,4,33,1,12.90,0,12.90,2024-07-10,18:44:45,in_store,card,completed,,
1011,20,7,10,1,799.00,0,799.00,2024-01-13,13:21:00,in_store,cash,completed,,
1567,4,,32,2,9.90,5,18.81,2024-12-19,20:54:55,online,transfer,completed,2024-12-26,5
1598,8,5,16,1,349.00,0,349.00,2024-12-30,17:42:00,in_store,cash,completed,,
1316,14,,20,3,99.00,15,252.45,2024-08-14,20:23:37,online,transfer,completed,2024-08-17,4
1078,23,2,5,1,74.00,0,74.00,2024-03-04,12:10:02,in_store,cash,completed,,
1534,8,7,29,2,149.00,5,283.10,2024-12-09,15:39:47,in_store,cash,cancelled,,
1561,21,5,8,1,620.00,0,620.00,2024-12-18,15:28:34,in_store,card,completed,,
1204,16,2,3,1,89.99,0,89.99,2024-05-27,14:32:05,in_store,transfer,completed,,
1495,28,8,21,2,14.99,20,23.98,2024-11-19,18:26:59,in_store,card,completed,,5
1318,28,5,5,2,74.00,0,148.00,2024-08-16,12:44:13,in_store,transfer,returned,,
1412,18,,21,1,14.99,10,13.49,2024-10-12,11:32:47,online,card,completed,2024-10-16,
1386,7,4,25,2,249.00,0,498.00,2024-09-26,16:58:44,in_store,card,completed,,5
1294,14,,28,2,59.00,0,118.00,2024-08-03,21:25:26,online,card,completed,2024-08-04,
1248,8,4,3,1,89.99,0,89.99,2024-07-02,17:59:21,in_store,cash,completed,,4
1343,12,,28,1,59.00,0,59.00,2024-09-03,03:16:49,online,card,completed,2024-09-04,3
1246,27,,9,2,890.00,0,1780.00,2024-06-29,18:27:40,online,card,completed,2024-07-04,
1143,28,8,26,2,79.00,0,158.00,2024-04-17,10:21:18,in_store,card,completed,,
1569,8,3,5,2,74.00,0,148.00,2024-12-20,11:17:31,in_store,card,completed,,5
1129,7,,30,1,210.00,0,210.00,2024-04-03,17:10:41,online,transfer,completed,2024-04-08,5
1475,10,,3,2,89.99,0,179.98,2024-11-13,21:38:25,online,card,cancelled,,
1154,16,2,11,1,699.00,5,664.05,2024-04-24,10:09:20,in_store,card,completed,,4
1235,2,,13,1,599.00,15,509.15,2024-06-17,16:39:15,online,transfer,cancelled,,
1119,8,3,36,2,89.00,0,178.00,2024-03-29,17:53:36,in_store,card,completed,,5
1593,2,,24,1,14.50,0,14.50,2024-12-27,20:50:21,online,card,completed,2025-01-03,5
1102,16,,23,2,64.00,0,128.00,2024-03-20,15:42:41,online,card,completed,2024-03-25,
1243,2,1,22,2,45.00,0,90.00,2024-06-25,13:31:21,in_store,card,completed,,
1563,16,,34,2,19.00,10,34.20,2024-12-19,06:36:36,online,card,completed,2024-12-24,
1558,30,2,4,1,320.00,0,320.00,2024-12-17,16:16:03,in_store,transfer,completed,,5
1423,1,5,1,1,1250.00,0,1250.00,2024-10-22,18:42:15,in_store,card,completed,,
1541,4,5,23,3,64.00,10,172.80,2024-12-11,18:20:22,in_store,card,completed,,
1313,12,,23,1,64.00,0,64.00,2024-08-13,18:32:20,online,card,returned,2024-08-17,
1532,18,4,31,1,149.00,0,149.00,2024-12-07,19:55:15,in_store,cash,returned,,
1029,26,2,1,1,1250.00,0,1250.00,2024-01-24,15:56:51,in_store,cash,completed,,
1435,6,8,21,3,14.99,0,44.97,2024-10-29,19:17:06,in_store,transfer,completed,,
1576,19,6,36,2,89.00,0,178.00,2024-12-21,17:06:01,in_store,transfer,completed,,5
1300,6,,26,1,79.00,0,79.00,2024-08-07,06:09:10,online,card,completed,2024-08-13,1
1573,2,3,14,1,449.00,0,449.00,2024-12-20,19:09:07,in_store,cash,returned,,
1128,25,3,6,1,299.00,0,299.00,2024-04-03,16:58:36,in_store,cash,completed,,
1224,2,2,34,3,19.00,0,57.00,2024-06-06,18:24:43,in_store,card,completed,,
1014,16,8,32,3,9.90,15,25.25,2024-01-16,11:14:47,in_store,cash,completed,,
1396,9,,21,3,14.99,10,40.47,2024-09-30,09:01:44,online,card,completed,2024-10-03,
1147,30,1,32,2,9.90,0,19.80,2024-04-18,18:24:31,in_store,card,completed,,5
1416,16,,33,1,12.90,0,12.90,2024-10-14,19:01:28,online,card,completed,2024-10-20,4
1226,6,3,16,1,349.00,0,349.00,2024-06-08,19:57:09,in_store,card,completed,,5
1291,6,6,3,1,89.99,0,89.99,2024-08-01,17:07:18,in_store,card,completed,,4
1083,18,4,26,2,79.00,0,158.00,2024-03-06,18:29:18,in_store,card,completed,,5
1269,20,8,10,1,799.00,0,799.00,2024-07-18,15:29:43,in_store,cash,returned,,
1145,8,8,24,2,14.50,0,29.00,2024-04-18,10:32:56,in_store,card,completed,,5
1403,30,2,23,1,64.00,0,64.00,2024-10-04,10:16:37,in_store,cash,completed,,5
1267,28,2,33,1,12.90,0,12.90,2024-07-17,13:26:43,in_store,cash,completed,,5
1059,28,,4,1,320.00,0,320.00,2024-02-16,22:51:33,online,card,completed,2024-02-18,
1085,8,2,23,1,64.00,0,64.00,2024-03-07,18:08:38,in_store,cash,completed,,3
1400,20,4,32,1,9.90,0,9.90,2024-10-02,18:51:42,in_store,card,completed,,
1549,8,3,36,2,89.00,0,178.00,2024-12-13,16:49:14,in_store,card,completed,,
1091,9,,27,3,129.00,15,328.95,2024-03-12,07:51:56,online,card,completed,2024-03-14,
1253,15,1,11,1,699.00,0,699.00,2024-07-05,11:48:10,in_store,card,completed,,4
1352,6,1,3,2,89.99,0,179.98,2024-09-09,10:30:44,in_store,cash,completed,,
1123,20,,23,1,64.00,0,64.00,2024-04-02,02:45:10,online,card,completed,2024-04-03,5
1089,20,1,37,2,55.00,0,110.00,2024-03-09,16:01:56,in_store,card,completed,,4
1594,26,,4,1,320.00,0,320.00,2024-12-27,21:41:45,online,card,completed,2024-12-29,5
1125,2,2,25,1,249.00,10,224.10,2024-04-02,16:07:29,in_store,cash,completed,,4
1169,20,7,7,1,1100.00,0,1100.00,2024-05-04,19:27:39,in_store,cash,completed,,
1250,20,1,28,3,59.00,0,177.00,2024-07-03,14:26:39,in_store,cash,completed,,4
1380,16,4,3,1,89.99,15,76.49,2024-09-23,17:31:29,in_store,cash,completed,,4
1007,17,,5,1,74.00,0,74.00,2024-01-08,10:34:37,online,card,completed,2024-01-14,5
1339,12,,33,3,12.90,0,38.70,2024-08-30,23:48:12,online,card,completed,2024-09-06,5
1388,22,1,6,1,299.00,10,269.10,2024-09-27,13:40:21,in_store,transfer,completed,,3
1397,12,,15,1,480.00,0,480.00,2024-09-30,09:17:38,online,card,completed,2024-10-03,5
1092,12,,18,2,39.99,15,67.98,2024-03-12,09:32:32,online,transfer,completed,2024-03-13,4
1375,14,,22,3,45.00,5,128.25,2024-09-20,20:31:27,online,card,completed,2024-09-22,
1282,14,6,1,1,1250.00,0,1250.00,2024-07-27,13:28:01,in_store,card,completed,,
1094,2,,18,1,39.99,10,35.99,2024-03-12,16:27:07,online,card,cancelled,,
1555,20,1,32,1,9.90,0,9.90,2024-12-16,15:35:21,in_store,cash,completed,,5
1066,16,,27,3,129.00,5,367.65,2024-02-23,14:46:00,online,card,completed,2024-02-28,
1215,22,6,24,2,14.50,10,26.10,2024-05-31,12:24:42,in_store,cash,completed,,4
1124,16,5,11,1,699.00,0,699.00,2024-04-02,12:45:06,in_store,card,completed,,5
1451,8,2,26,1,79.00,0,79.00,2024-11-06,16:40:14,in_store,card,completed,,
1252,25,,8,1,620.00,0,620.00,2024-07-03,21:05:27,online,card,completed,2024-07-06,4
1491,28,,24,2,14.50,0,29.00,2024-11-18,16:57:58,online,card,completed,2024-11-19,
1041,1,5,11,1,699.00,10,629.10,2024-02-02,11:49:20,in_store,card,completed,,
1547,2,2,34,2,19.00,0,38.00,2024-12-12,18:31:55,in_store,card,completed,,
1108,18,7,24,2,14.50,0,29.00,2024-03-23,17:20:01,in_store,card,completed,,4
1542,8,,7,2,1100.00,15,1870.00,2024-12-11,21:45:12,online,card,completed,2024-12-12,
1073,8,,12,1,249.00,0,249.00,2024-02-29,05:16:10,online,card,completed,2024-03-03,
1445,1,,3,3,89.99,0,269.97,2024-11-05,01:46:56,online,card,completed,2024-11-10,4
1012,20,1,12,1,249.00,0,249.00,2024-01-13,18:13:09,in_store,card,cancelled,,
1580,8,,31,1,149.00,0,149.00,2024-12-24,15:00:15,online,card,completed,2024-12-29,
1428,23,6,32,2,9.90,5,18.81,2024-10-26,13:17:00,in_store,card,completed,,
1101,2,7,5,1,74.00,20,59.20,2024-03-20,13:46:46,in_store,cash,cancelled,,
1389,3,3,5,1,74.00,0,74.00,2024-09-27,15:33:20,in_store,card,completed,,
1192,1,1,22,3,45.00,0,135.00,2024-05-21,11:37:10,in_store,cash,completed,,3
1203,6,,33,1,12.90,0,12.90,2024-05-27,07:24:58,online,transfer,completed,2024-06-01,
1288,7,,14,1,449.00,0,449.00,2024-07-30,22:12:03,online,card,completed,2024-08-06,3
1197,16,,24,3,14.50,0,43.50,2024-05-24,14:05:39,online,card,completed,2024-05-25,5
1003,6,6,25,3,249.00,0,747.00,2024-01-02,18:02:50,in_store,cash,completed,,
1483,12,,21,1,14.99,5,14.24,2024-11-14,20:41:49,online,card,completed,2024-11-17,
1321,28,8,27,1,129.00,0,129.00,2024-08-16,19:01:32,in_store,cash,completed,,5
1560,2,8,5,3,74.00,5,210.90,2024-12-18,11:25:15,in_store,card,completed,,5
1180,4,5,28,3,59.00,5,168.15,2024-05-11,16:17:48,in_store,cash,completed,,
1005,25,,24,2,14.50,0,29.00,2024-01-04,21:08:01,online,card,completed,2024-01-06,2
1177,18,2,8,1,620.00,5,589.00,2024-05-10,13:24:09,in_store,card,completed,,
1503,21,2,33,2,12.90,0,25.80,2024-11-23,13:30:57,in_store,cash,completed,,5
1137,14,,32,2,9.90,0,19.80,2024-04-12,21:27:25,online,card,completed,2024-04-15,5
1132,28,5,1,1,1250.00,0,1250.00,2024-04-05,15:52:58,in_store,card,returned,,
1096,28,,4,1,320.00,0,320.00,2024-03-14,21:16:52,online,card,returned,2024-03-20,
1568,3,,4,2,320.00,0,640.00,2024-12-20,04:54:26,online,card,completed,2024-12-25,3
1277,8,5,31,1,149.00,0,149.00,2024-07-25,11:50:40,in_store,cash,completed,,
1582,16,5,16,1,349.00,10,314.10,2024-12-25,15:48:52,in_store,card,completed,,5
1292,1,2,22,1,45.00,0,45.00,2024-08-02,12:56:08,in_store,card,completed,,
1148,10,3,34,1,19.00,0,19.00,2024-04-19,12:01:16,in_store,cash,completed,,
1572,2,,28,2,59.00,5,112.10,2024-12-20,18:16:00,online,card,completed,2024-12-21,
1088,13,,3,1,89.99,5,85.49,2024-03-09,15:16:01,online,card,completed,2024-03-16,
1536,18,5,23,3,64.00,5,182.40,2024-12-10,14:40:10,in_store,transfer,completed,,
1592,28,5,28,1,59.00,0,59.00,2024-12-27,19:56:59,in_store,card,completed,,
1022,20,5,34,1,19.00,0,19.00,2024-01-19,12:08:26,in_store,cash,completed,,5
1027,12,6,21,1,14.99,0,14.99,2024-01-22,15:27:30,in_store,card,completed,,5
1050,16,2,14,1,449.00,5,426.55,2024-02-10,15:13:06,in_store,card,completed,,
1368,10,4,22,3,45.00,10,121.50,2024-09-16,18:41:33,in_store,card,completed,,
1481,7,,33,2,12.90,0,25.80,2024-11-14,20:06:46,online,card,completed,2024-11-18,
1184,26,,13,1,599.00,0,599.00,2024-05-17,19:48:23,online,card,completed,2024-05-24,
1531,1,7,32,1,9.90,0,9.90,2024-12-07,19:10:10,in_store,card,completed,,
1194,4,,5,1,74.00,0,74.00,2024-05-21,21:28:48,online,transfer,completed,2024-05-24,
1597,10,2,4,1,320.00,5,304.00,2024-12-28,16:46:17,in_store,cash,completed,,
1067,10,1,3,1,89.99,0,89.99,2024-02-26,11:54:53,in_store,cash,completed,,5
1448,9,6,14,1,449.00,5,426.55,2024-11-05,18:02:45,in_store,card,cancelled,,
1076,16,1,33,2,12.90,5,24.51,2024-03-02,17:34:30,in_store,cash,completed,,4
1494,19,1,27,1,129.00,0,129.00,2024-11-19,17:21:24,in_store,card,completed,,
1513,2,5,23,1,64.00,15,54.40,2024-11-29,13:03:24,in_store,card,completed,,
1384,17,,2,3,25.50,0,76.50,2024-09-25,15:21:47,online,card,completed,2024-09-27,4
1340,12,2,31,2,149.00,0,298.00,2024-08-31,11:51:24,in_store,cash,completed,,4
1425,6,2,26,3,79.00,0,237.00,2024-10-23,15:47:50,in_store,card,completed,,2
1057,9,,4,1,320.00,5,304.00,2024-02-15,20:53:38,online,card,completed,2024-02-20,5
1098,13,3,17,1,280.00,0,280.00,2024-03-15,18:46:18,in_store,cash,completed,,
1075,16,3,27,1,129.00,10,116.10,2024-03-01,17:33:16,in_store,cash,completed,,
1038,8,,30,1,210.00,0,210.00,2024-01-31,13:31:46,online,card,completed,2024-02-06,5
1077,3,,18,2,39.99,0,79.98,2024-03-02,19:10:35,online,card,completed,2024-03-03,4
1198,4,4,24,1,14.50,0,14.50,2024-05-24,16:35:45,in_store,card,completed,,
1153,2,2,26,1,79.00,15,67.15,2024-04-23,14:22:43,in_store,card,returned,,
1462,8,4,2,2,25.50,0,51.00,2024-11-08,17:57:17,in_store,card,completed,,
1301,18,,23,2,64.00,0,128.00,2024-08-07,07:41:16,online,card,completed,2024-08-09,
1477,2,,28,3,59.00,0,177.00,2024-11-14,13:42:22,online,card,completed,2024-11-16,4
1444,10,,1,1,1250.00,0,1250.00,2024-11-04,20:58:50,online,card,completed,2024-11-08,4
1327,25,1,12,2,249.00,0,498.00,2024-08-21,15:52:12,in_store,cash,completed,,4
1236,8,5,28,1,59.00,5,56.05,2024-06-18,13:50:13,in_store,card,completed,,4
1571,16,,30,1,210.00,10,189.00,2024-12-20,17:54:17,online,card,completed,2024-12-23,2
1336,14,1,2,2,25.50,0,51.00,2024-08-29,14:37:49,in_store,cash,completed,,
1473,16,1,31,1,149.00,0,149.00,2024-11-13,16:30:56,in_store,cash,completed,,4
1564,20,,3,2,89.99,0,179.98,2024-12-19,10:37:18,online,card,completed,2024-12-20,4
1468,28,5,19,1,119.00,10,107.10,2024-11-12,16:10:28,in_store,cash,completed,,4
1156,20,,9,1,890.00,5,845.50,2024-04-25,08:17:09,online,card,completed,2024-04-28,5
1036,1,,3,2,89.99,10,161.98,2024-01-30,19:00:54,online,card,completed,2024-01-31,5
1229,16,2,9,1,890.00,0,890.00,2024-06-12,19:13:37,in_store,cash,completed,,
1554,2,7,5,1,74.00,15,62.90,2024-12-16,15:33:25,in_store,cash,completed,,
1068,28,2,36,3,89.00,0,267.00,2024-02-27,10:54:00,in_store,cash,completed,,
1021,23,,14,1,449.00,15,381.65,2024-01-18,23:51:23,online,transfer,completed,2024-01-23,
1138,12,1,18,1,39.99,0,39.99,2024-04-15,12:05:52,in_store,card,completed,,3
1018,1,,32,1,9.90,0,9.90,2024-01-17,09:09:39,online,card,completed,2024-01-18,3
1213,7,4,19,2,119.00,0,238.00,2024-05-30,16:24:01,in_store,cash,completed,,5
1320,2,,21,1,14.99,0,14.99,2024-08-16,15:05:43,online,card,completed,2024-08-20,
1553,16,1,24,3,14.50,0,43.50,2024-12-16,14:42:51,in_store,card,completed,,4
1146,8,4,8,1,620.00,5,589.00,2024-04-18,12:54:34,in_store,card,completed,,5
1341,2,1,21,1,14.99,0,14.99,2024-08-31,16:11:14,in_store,cash,completed,,
1577,5,2,28,3,59.00,0,177.00,2024-12-23,10:26:50,in_store,cash,completed,,4
1538,17,5,9,1,890.00,0,890.00,2024-12-10,17:49:22,in_store,cash,completed,,2
1209,16,,12,1,249.00,0,249.00,2024-05-29,06:18:02,online,transfer,completed,2024-06-02,
1062,4,5,24,2,14.50,0,29.00,2024-02-19,18:10:52,in_store,card,completed,,4
1411,14,2,24,3,14.50,5,41.33,2024-10-10,17:23:46,in_store,card,completed,,3
1009,4,1,31,1,149.00,20,119.20,2024-01-08,19:46:56,in_store,card,returned,,
1139,19,,9,2,890.00,5,1691.00,2024-04-15,19:36:18,online,card,completed,2024-04-18,
1034,14,,36,1,89.00,0,89.00,2024-01-27,19:45:56,online,card,completed,2024-01-31,5
1430,7,8,36,2,89.00,0,178.00,2024-10-26,16:01:33,in_store,transfer,completed,,
1289,20,1,23,2,64.00,0,128.00,2024-07-31,16:48:33,in_store,card,cancelled,,
1149,4,,5,1,74.00,0,74.00,2024-04-20,11:58:48,online,card,completed,2024-04-27,5
1033,8,,2,1,25.50,0,25.50,2024-01-27,15:11:13,online,card,completed,2024-01-28,
1455,12,3,32,2,9.90,10,17.82,2024-11-07,11:15:04,in_store,card,completed,,5
1167,2,4,2,3,25.50,0,76.50,2024-05-03,19:51:35,in_store,cash,returned,,
1421,4,6,7,1,1100.00,20,880.00,2024-10-21,11:05:57,in_store,cash,completed,,4
1048,25,1,25,3,249.00,0,747.00,2024-02-09,16:34:35,in_store,card,completed,,1
1548,16,8,37,1,55.00,0,55.00,2024-12-13,14:50:25,in_store,card,returned,,
1237,16,,4,1,320.00,0,320.00,2024-06-18,19:12:28,online,card,returned,2024-06-25,
1575,30,5,25,2,249.00,0,498.00,2024-12-21,13:47:32,in_store,card,completed,,
1511,1,,5,1,74.00,0,74.00,2024-11-29,04:12:23,online,card,completed,2024-12-01,5
1001,2,2,25,1,249.00,15,211.65,2024-01-01,14:07:38,in_store,card,completed,,
1193,16,4,6,3,299.00,5,852.15,2024-05-21,17:53:15,in_store,card,completed,,
1544,30,5,21,3,14.99,0,44.97,2024-12-12,11:24:01,in_store,card,completed,,5
1480,4,1,15,1,480.00,0,480.00,2024-11-14,18:10:19,in_store,cash,completed,,4
1032,1,2,14,1,449.00,20,359.20,2024-01-27,15:00:40,in_store,card,cancelled,,
1419,9,2,28,1,59.00,0,59.00,2024-10-17,16:08:38,in_store,card,completed,,5
1324,15,3,31,1,149.00,15,126.65,2024-08-17,19:35:21,in_store,card,completed,,2
1505,23,1,32,3,9.90,15,25.25,2024-11-25,13:05:12,in_store,cash,cancelled,,
1521,3,1,4,1,320.00,0,320.00,2024-12-05,15:17:09,in_store,transfer,completed,,4
1140,4,1,15,1,480.00,0,480.00,2024-04-16,16:15:49,in_store,card,completed,,1
1357,8,,9,1,890.00,0,890.00,2024-09-11,13:15:34,online,card,completed,2024-09-12,3
1175,4,4,4,1,320.00,0,320.00,2024-05-08,16:06:40,in_store,card,completed,,
1446,8,4,33,2,12.90,0,25.80,2024-11-05,10:44:24,in_store,transfer,completed,,5
1372,2,2,24,1,14.50,0,14.50,2024-09-19,13:39:40,in_store,card,completed,,4
1325,12,3,32,1,9.90,15,8.42,2024-08-19,10:41:15,in_store,cash,returned,,
1099,20,7,2,1,25.50,0,25.50,2024-03-16,15:08:16,in_store,card,completed,,3
1251,2,,25,2,249.00,5,473.10,2024-07-03,17:53:33,online,card,completed,2024-07-04,
1039,2,1,36,1,89.00,5,84.55,2024-01-31,14:39:48,in_store,card,completed,,
1173,21,8,34,1,19.00,0,19.00,2024-05-07,13:28:23,in_store,cash,completed,,3
1159,28,,37,2,55.00,0,110.00,2024-04-27,15:47:40,online,card,completed,2024-05-03,4
1463,19,2,19,1,119.00,5,113.05,2024-11-08,19:14:07,in_store,card,completed,,
1218,18,3,22,2,45.00,0,90.00,2024-05-31,19:57:29,in_store,cash,completed,,
1183,2,2,14,1,449.00,0,449.00,2024-05-15,16:40:34,in_store,cash,cancelled,,
1259,2,1,5,3,74.00,0,222.00,2024-07-10,14:13:19,in_store,cash,completed,,4
1361,19,,21,1,14.99,0,14.99,2024-09-13,08:27:47,online,card,completed,2024-09-16,5
1447,3,2,6,1,299.00,0,299.00,2024-11-05,12:02:18,in_store,card,completed,,3
1364,8,5,23,2,64.00,10,115.20,2024-09-14,14:42:05,in_store,cash,completed,,
1043,12,,28,1,59.00,0,59.00,2024-02-05,09:28:38,online,card,completed,2024-02-06,5
1113,4,5,28,1,59.00,0,59.00,2024-03-27,17:47:55,in_store,cash,completed,,5
1490,18,8,37,1,55.00,0,55.00,2024-11-18,16:46:44,in_store,card,completed,,4
1459,28,2,16,1,349.00,10,314.10,2024-11-08,11:15:41,in_store,cash,completed,,
1131,8,1,25,2,249.00,0,498.00,2024-04-04,17:02:49,in_store,cash,completed,,4
1136,17,7,32,2,9.90,0,19.80,2024-04-12,15:25:57,in_store,card,completed,,
1165,27,2,16,1,349.00,0,349.00,2024-05-03,16:37:30,in_store,cash,completed,,
1574,9,6,3,3,89.99,0,269.97,2024-12-21,13:20:42,in_store,card,cancelled,,
1424,7,,33,1,12.90,0,12.90,2024-10-22,19:57:52,online,card,returned,2024-10-28,
1122,18,,25,3,249.00,5,709.65,2024-04-01,14:30:54,online,card,completed,2024-04-07,4
1509,20,4,26,3,79.00,0,237.00,2024-11-28,17:45:09,in_store,cash,cancelled,,
1207,14,4,34,1,19.00,0,19.00,2024-05-28,17:58:04,in_store,card,completed,,4
1584,12,,8,1,620.00,0,620.00,2024-12-25,21:25:36,online,card,completed,2024-12-28,
1559,28,,1,1,1250.00,0,1250.00,2024-12-17,19:11:18,online,card,completed,2024-12-19,5
1382,12,3,33,1,12.90,15,10.97,2024-09-24,12:55:55,in_store,cash,completed,,
1370,10,2,2,1,25.50,15,21.68,2024-09-18,16:12:26,in_store,card,completed,,
1305,12,,8,1,620.00,0,620.00,2024-08-09,17:08:17,online,card,completed,2024-08-14,
1579,7,7,14,1,449.00,0,449.00,2024-12-23,14:47:59,in_store,card,completed,,4
1060,17,,19,1,119.00,0,119.00,2024-02-17,09:53:45,online,card,completed,2024-02-24,5
1086,22,4,4,1,320.00,10,288.00,2024-03-08,13:14:41,in_store,cash,completed,,5
1304,28,,13,1,599.00,0,599.00,2024-08-08,21:52:22,online,card,completed,2024-08-10,4
1525,14,5,19,3,119.00,0,357.00,2024-12-06,15:48:50,in_store,card,completed,,5
1387,22,3,3,2,89.99,5,170.98,2024-09-26,19:07:24,in_store,transfer,completed,,4
1449,16,1,32,2,9.90,0,19.80,2024-11-05,19:02:54,in_store,card,completed,,
1315,25,5,28,3,59.00,0,177.00,2024-08-14,14:31:34,in_store,cash,completed,,
1170,1,3,24,1,14.50,0,14.50,2024-05-06,10:55:33,in_store,transfer,completed,,5
1502,12,1,15,1,480.00,0,480.00,2024-11-22,18:34:21,in_store,cash,completed,,5
1028,12,,2,3,25.50,0,76.50,2024-01-22,16:49:41,online,card,completed,2024-01-25,5
1329,2,1,4,1,320.00,0,320.00,2024-08-23,14:46:49,in_store,cash,completed,,5
1238,11,5,6,1,299.00,0,299.00,2024-06-19,11:28:57,in_store,card,completed,,
1328,12,2,27,2,129.00,15,219.30,2024-08-22,17:44:43,in_store,card,completed,,
1443,15,,17,1,280.00,10,252.00,2024-11-04,10:27:28,online,card,completed,2024-11-05,
1527,2,1,1,1,1250.00,20,1000.00,2024-12-06,18:20:37,in_store,cash,completed,,5
1393,9,5,9,1,890.00,15,756.50,2024-09-28,14:38:47,in_store,cash,returned,,
1286,4,2,34,2,19.00,0,38.00,2024-07-30,13:57:40,in_store,card,cancelled,,
1080,15,1,15,1,480.00,0,480.00,2024-03-06,10:33:15,in_store,card,returned,,
1196,11,,14,1,449.00,0,449.00,2024-05-23,15:32:23,online,transfer,completed,2024-05-24,
1158,8,,1,2,1250.00,0,2500.00,2024-04-26,14:19:51,online,card,completed,2024-05-01,5
1374,23,,11,1,699.00,5,664.05,2024-09-20,18:43:32,online,card,completed,2024-09-25,5
1191,30,,32,2,9.90,0,19.80,2024-05-20,20:07:41,online,card,completed,2024-05-24,5
1202,16,,6,1,299.00,0,299.00,2024-05-25,17:10:32,online,card,returned,2024-06-01,
1162,28,,15,1,480.00,0,480.00,2024-05-03,09:15:21,online,card,completed,2024-05-07,4
1249,8,,13,1,599.00,0,599.00,2024-07-03,13:59:16,online,transfer,completed,2024-07-09,
1354,26,2,23,1,64.00,0,64.00,2024-09-10,13:42:05,in_store,cash,completed,,4
1171,1,,2,3,25.50,10,68.85,2024-05-06,16:24:01,online,card,completed,2024-05-13,5
1422,12,,25,1,249.00,0,249.00,2024-10-21,21:50:36,online,card,completed,2024-10-25,5
1231,20,,6,1,299.00,5,284.05,2024-06-12,19:44:20,online,transfer,completed,2024-06-16,4
1410,2,5,30,1,210.00,0,210.00,2024-10-09,16:45:12,in_store,card,completed,,4
1105,12,2,5,1,74.00,0,74.00,2024-03-22,13:15:27,in_store,card,completed,,
1377,10,,13,1,599.00,0,599.00,2024-09-23,08:10:22,online,card,completed,2024-09-27,4
1441,26,,2,3,25.50,0,76.50,2024-10-31,20:38:37,online,card,completed,2024-11-02,5
1298,10,2,7,1,1100.00,0,1100.00,2024-08-06,18:56:03,in_store,cash,completed,,4
1111,16,4,23,1,64.00,5,60.80,2024-03-25,19:06:36,in_store,card,completed,,4
1223,9,8,5,2,74.00,0,148.00,2024-06-06,14:01:55,in_store,cash,completed,,
1306,12,2,17,1,280.00,10,252.00,2024-08-10,10:35:24,in_store,cash,completed,,5
1519,13,5,10,1,799.00,0,799.00,2024-12-05,13:37:10,in_store,transfer,completed,,5
1500,25,5,21,2,14.99,0,29.98,2024-11-21,17:42:12,in_store,cash,completed,,4
1539,8,3,20,1,99.00,0,99.00,2024-12-11,12:45:06,in_store,cash,completed,,5
1529,1,5,4,1,320.00,0,320.00,2024-12-07,16:43:59,in_store,cash,completed,,5
1093,6,6,7,1,1100.00,0,1100.00,2024-03-12,12:21:46,in_store,cash,returned,,
1064,10,,3,2,89.99,15,152.98,2024-02-21,19:52:37,online,card,completed,2024-02-24,5
1107,25,4,20,1,99.00,0,99.00,2024-03-23,14:12:23,in_store,cash,completed,,4
1185,6,,28,2,59.00,0,118.00,2024-05-17,19:52:43,online,card,completed,2024-05-19,
1010,10,6,14,1,449.00,0,449.00,2024-01-12,12:45:06,in_store,cash,completed,,
1450,18,1,23,3,64.00,0,192.00,2024-11-06,13:21:13,in_store,card,completed,,4
1346,16,4,4,1,320.00,5,304.00,2024-09-04,14:22:15,in_store,cash,cancelled,,
1172,26,,33,3,12.90,0,38.70,2024-05-06,23:36:13,online,transfer,completed,2024-05-09,5
1335,7,1,20,1,99.00,0,99.00,2024-08-28,10:44:08,in_store,transfer,completed,,
1486,6,,28,3,59.00,0,177.00,2024-11-15,23:09:05,online,card,completed,2024-11-18,4
1587,16,8,33,1,12.90,0,12.90,2024-12-27,13:00:30,in_store,cash,returned,,
1242,19,4,7,1,1100.00,0,1100.00,2024-06-22,18:58:06,in_store,card,completed,,5
1056,12,2,21,3,14.99,15,38.22,2024-02-15,12:20:03,in_store,cash,completed,,4
1581,3,2,8,1,620.00,0,620.00,2024-12-24,15:25:35,in_store,card,completed,,
1501,6,2,23,2,64.00,5,121.60,2024-11-22,15:14:22,in_store,card,completed,,5
1024,27,,8,1,620.00,0,620.00,2024-01-19,14:24:06,online,card,returned,2024-01-26,
1496,10,1,32,1,9.90,0,9.90,2024-11-19,19:34:02,in_store,transfer,returned,,
1297,16,2,15,1,480.00,15,408.00,2024-08-06,11:02:02,in_store,cash,completed,,5
1469,7,2,7,1,1100.00,15,935.00,2024-11-12,16:21:14,in_store,card,completed,,
1395,20,4,22,2,45.00,0,90.00,2024-09-28,19:35:08,in_store,cash,completed,,4
1290,18,5,36,3,89.00,20,213.60,2024-08-01,11:12:28,in_store,cash,completed,,5
1016,10,2,32,1,9.90,0,9.90,2024-01-16,17:45:03,in_store,cash,completed,,
1530,1,4,2,3,25.50,0,76.50,2024-12-07,18:04:57,in_store,transfer,completed,,4
1535,20,,20,1,99.00,0,99.00,2024-12-09,23:26:24,online,card,completed,2024-12-14,
1135,20,8,3,2,89.99,0,179.98,2024-04-11,16:36:56,in_store,card,completed,,
1338,25,1,30,1,210.00,0,210.00,2024-08-30,18:52:16,in_store,cash,completed,,
1344,16,4,14,1,449.00,0,449.00,2024-09-03,10:48:20,in_store,card,completed,,5
1472,22,4,21,2,14.99,0,29.98,2024-11-13,11:10:42,in_store,cash,completed,,
1087,1,2,14,1,449.00,10,404.10,2024-03-09,15:15:22,in_store,card,completed,,3
1526,21,7,26,2,79.00,0,158.00,2024-12-06,16:23:28,in_store,card,completed,,2
1225,11,5,21,1,14.99,0,14.99,2024-06-08,18:50:24,in_store,cash,completed,,
1351,28,1,33,3,12.90,0,38.70,2024-09-07,17:07:48,in_store,cash,completed,,5
1015,25,4,19,1,119.00,0,119.00,2024-01-16,14:50:40,in_store,card,completed,,5
1258,12,3,16,1,349.00,0,349.00,2024-07-08,17:00:26,in_store,cash,completed,,
1590,14,5,11,1,699.00,0,699.00,2024-12-27,15:26:11,in_store,cash,returned,,
1220,12,,4,2,320.00,0,640.00,2024-06-01,19:02:07,online,card,completed,2024-06-08,5
1232,25,6,32,2,9.90,5,18.81,2024-06-13,11:11:38,in_store,cash,completed,,
1497,25,2,3,1,89.99,5,85.49,2024-11-20,10:07:53,in_store,cash,completed,,5
1415,6,1,34,2,19.00,0,38.00,2024-10-14,11:56:48,in_store,card,returned,,
1160,14,2,14,1,449.00,0,449.00,2024-04-30,18:43:06,in_store,card,completed,,5
1401,3,1,10,1,799.00,0,799.00,2024-10-03,19:49:10,in_store,cash,returned,,
1266,14,,17,1,280.00,0,280.00,2024-07-16,21:39:54,online,card,returned,2024-07-23,
1485,7,6,33,1,12.90,10,11.61,2024-11-15,18:50:37,in_store,cash,cancelled,,
1510,1,,14,1,449.00,0,449.00,2024-11-28,19:22:38,online,card,completed,2024-12-01,5
1045,16,1,33,3,12.90,10,34.83,2024-02-06,15:56:14,in_store,cash,returned,,
1436,8,4,10,1,799.00,0,799.00,2024-10-30,10:04:47,in_store,card,completed,,4
1133,19,1,4,1,320.00,0,320.00,2024-04-08,12:18:04,in_store,card,completed,,4
1432,23,7,33,2,12.90,0,25.80,2024-10-28,13:27:05,in_store,transfer,completed,,5
1366,16,,28,2,59.00,5,112.10,2024-09-14,21:56:59,online,card,completed,2024-09-17,5
1047,18,,32,3,9.90,10,26.73,2024-02-08,18:37:21,online,transfer,completed,2024-02-14,4
1322,4,5,26,2,79.00,0,158.00,2024-08-17,12:30:33,in_store,card,completed,,5
1163,12,1,32,1,9.90,0,9.90,2024-05-03,14:16:25,in_store,card,completed,,
1118,10,7,22,2,45.00,0,90.00,2024-03-29,16:49:19,in_store,card,completed,,
1471,2,7,33,1,12.90,20,10.32,2024-11-12,18:05:39,in_store,card,completed,,4
1035,6,,33,2,12.90,0,25.80,2024-01-29,21:55:44,online,card,completed,2024-01-31,5
1240,12,5,19,2,119.00,0,238.00,2024-06-20,17:29:29,in_store,card,completed,,5
1109,25,7,23,1,64.00,10,57.60,2024-03-25,14:35:30,in_store,transfer,completed,,
1516,3,4,1,1,1250.00,0,1250.00,2024-12-02,13:56:31,in_store,card,completed,,
1054,28,7,26,3,79.00,0,237.00,2024-02-14,17:03:59,in_store,card,completed,,
1082,15,1,30,1,210.00,0,210.00,2024-03-06,12:50:34,in_store,card,returned,,
1117,14,7,2,1,25.50,0,25.50,2024-03-29,12:56:46,in_store,card,completed,,1
1311,2,1,5,1,74.00,0,74.00,2024-08-13,15:35:48,in_store,card,completed,,
1279,16,,33,3,12.90,0,38.70,2024-07-25,19:29:10,online,card,completed,2024-08-01,4
1478,1,2,11,1,699.00,5,664.05,2024-11-14,16:02:22,in_store,card,completed,,
1406,7,5,25,1,249.00,0,249.00,2024-10-05,17:29:58,in_store,cash,completed,,2
1254,1,,16,2,349.00,5,663.10,2024-07-05,13:58:03,online,transfer,returned,2024-07-08,
1283,6,5,24,1,14.50,0,14.50,2024-07-29,17:14:15,in_store,card,returned,,
1461,18,,6,3,299.00,0,897.00,2024-11-08,17:13:39,online,card,completed,2024-11-10,5
1069,5,,25,1,249.00,0,249.00,2024-02-27,23:40:56,online,card,returned,2024-03-05,
1369,3,1,19,1,119.00,0,119.00,2024-09-17,17:15:17,in_store,cash,returned,,
1144,12,3,18,3,39.99,0,119.97,2024-04-17,17:44:52,in_store,cash,completed,,
1585,3,6,32,3,9.90,0,29.70,2024-12-26,10:16:01,in_store,card,completed,,3
1178,7,,10,1,799.00,0,799.00,2024-05-10,14:39:54,online,transfer,completed,2024-05-17,4
1518,18,,22,2,45.00,0,90.00,2024-12-04,07:23:38,online,card,completed,2024-12-08,
1349,2,1,24,3,14.50,0,43.50,2024-09-05,17:50:48,in_store,card,completed,,
1418,2,8,24,2,14.50,0,29.00,2024-10-16,16:33:02,in_store,cash,completed,,
1378,20,2,4,1,320.00,0,320.00,2024-09-23,12:26:08,in_store,card,completed,,3
1233,12,5,24,1,14.50,0,14.50,2024-06-14,12:25:28,in_store,cash,completed,,
1114,22,2,25,2,249.00,0,498.00,2024-03-28,12:47:32,in_store,cash,returned,,
1044,19,,23,1,64.00,0,64.00,2024-02-05,21:52:30,online,card,completed,2024-02-11,3
1272,23,,16,1,349.00,0,349.00,2024-07-22,05:44:06,online,card,completed,2024-07-27,
1268,28,2,2,1,25.50,0,25.50,2024-07-17,19:26:02,in_store,transfer,completed,,5
1081,4,4,24,1,14.50,0,14.50,2024-03-06,12:14:59,in_store,cash,completed,,4
1150,28,5,10,1,799.00,0,799.00,2024-04-20,12:45:21,in_store,cash,completed,,5
1332,20,3,19,3,119.00,0,357.00,2024-08-24,16:03:16,in_store,cash,completed,,
1493,10,6,29,2,149.00,0,298.00,2024-11-19,13:57:21,in_store,card,completed,,4
1433,20,,3,3,89.99,0,269.97,2024-10-28,19:06:54,online,transfer,completed,2024-11-04,
1106,8,3,8,1,620.00,0,620.00,2024-03-22,19:06:08,in_store,card,completed,,5
1458,20,,19,3,119.00,0,357.00,2024-11-07,15:55:48,online,card,completed,2024-11-13,4
1296,18,1,21,1,14.99,5,14.24,2024-08-05,18:40:16,in_store,card,completed,,5
1394,18,3,2,2,25.50,5,48.45,2024-09-28,18:54:12,in_store,cash,completed,,
1466,2,,2,1,25.50,0,25.50,2024-11-12,06:34:35,online,card,completed,2024-11-13,
1562,10,8,3,1,89.99,0,89.99,2024-12-18,17:05:56,in_store,cash,cancelled,,
1065,17,3,26,1,79.00,0,79.00,2024-02-23,10:10:38,in_store,cash,completed,,5
1342,16,1,24,2,14.50,0,29.00,2024-09-02,12:44:34,in_store,card,completed,,5
1308,28,4,33,1,12.90,0,12.90,2024-08-10,12:30:26,in_store,transfer,completed,,5
1190,8,,33,1,12.90,5,12.26,2024-05-20,17:40:04,online,transfer,completed,2024-05-26,4
1331,2,6,27,2,129.00,0,258.00,2024-08-23,17:15:08,in_store,transfer,completed,,5
1116,16,5,3,1,89.99,0,89.99,2024-03-29,11:38:31,in_store,cash,completed,,
1042,12,,33,1,12.90,0,12.90,2024-02-02,12:08:11,online,card,completed,2024-02-09,5
1359,9,4,21,3,14.99,0,44.97,2024-09-12,11:22:38,in_store,cash,completed,,5
1256,1,1,27,1,129.00,5,122.55,2024-07-06,17:05:31,in_store,cash,completed,,
1570,18,2,32,1,9.90,15,8.42,2024-12-20,11:52:28,in_store,card,completed,,3
1312,28,2,22,2,45.00,0,90.00,2024-08-13,16:15:10,in_store,cash,cancelled,,
1543,3,4,33,2,12.90,5,24.51,2024-12-12,10:38:06,in_store,card,completed,,
1420,7,2,26,1,79.00,0,79.00,2024-10-18,10:20:48,in_store,cash,completed,,2
1353,19,1,33,2,12.90,0,25.80,2024-09-09,15:24:33,in_store,cash,completed,,4
1540,14,4,15,1,480.00,0,480.00,2024-12-11,13:29:42,in_store,cash,completed,,5
1508,20,1,23,2,64.00,0,128.00,2024-11-28,10:53:28,in_store,transfer,completed,,5
1492,28,,20,2,99.00,0,198.00,2024-11-19,12:15:37,online,transfer,completed,2024-11-20,4
1319,6,,19,1,119.00,0,119.00,2024-08-16,14:04:07,online,transfer,completed,2024-08-18,
1398,12,,23,1,64.00,5,60.80,2024-09-30,17:14:44,online,card,completed,2024-10-02,
1206,6,6,20,3,99.00,0,297.00,2024-05-28,14:42:02,in_store,card,completed,,3
1600,9,7,28,1,59.00,10,53.10,2024-12-31,17:51:58,in_store,card,completed,,
1164,8,,21,1,14.99,0,14.99,2024-05-03,16:08:56,online,card,completed,2024-05-07,
1470,10,1,12,1,249.00,0,249.00,2024-11-12,16:51:29,in_store,card,completed,,5
1245,13,1,23,1,64.00,0,64.00,2024-06-29,17:54:18,in_store,card,completed,,5
1179,14,,8,2,620.00,0,1240.00,2024-05-10,20:06:12,online,transfer,completed,2024-05-17,4
1201,25,5,22,1,45.00,0,45.00,2024-05-25,15:23:10,in_store,card,returned,,
1303,25,,33,1,12.90,0,12.90,2024-08-08,20:07:33,online,card,completed,2024-08-12,5
1589,1,2,3,1,89.99,15,76.49,2024-12-27,15:23:56,in_store,cash,cancelled,,
1314,25,,1,2,1250.00,5,2375.00,2024-08-13,20:57:28,online,transfer,completed,2024-08-14,
1006,18,,23,2,64.00,0,128.00,2024-01-06,14:38:48,online,card,completed,2024-01-13,4
1363,13,,1,2,1250.00,0,2500.00,2024-09-13,20:35:41,online,card,completed,2024-09-18,
1499,22,,11,1,699.00,0,699.00,2024-11-20,18:02:14,online,transfer,completed,2024-11-26,
1063,20,3,34,1,19.00,20,15.20,2024-02-20,13:41:20,in_store,card,completed,,5
1520,18,5,14,1,449.00,0,449.00,2024-12-05,14:00:42,in_store,transfer,completed,,
1323,2,,20,2,99.00,0,198.00,2024-08-17,18:40:19,online,card,cancelled,,
1187,15,2,2,2,25.50,0,51.00,2024-05-18,12:54:36,in_store,card,completed,,4
1408,20,,7,1,1100.00,0,1100.00,2024-10-07,21:03:41,online,card,completed,2024-10-13,
1309,1,6,36,2,89.00,0,178.00,2024-08-12,18:45:49,in_store,cash,completed,,3
1348,17,,34,1,19.00,20,15.20,2024-09-04,16:50:10,online,card,completed,2024-09-07,4
1373,5,5,24,1,14.50,0,14.50,2024-09-20,11:40:36,in_store,card,completed,,
1281,3,3,21,1,14.99,0,14.99,2024-07-27,11:34:47,in_store,cash,completed,,4
1345,18,,27,1,129.00,0,129.00,2024-09-03,21:02:15,online,card,completed,2024-09-05,4
1276,5,1,10,2,799.00,0,1598.00,2024-07-24,19:24:49,in_store,cash,completed,,4
1100,2,8,4,2,320.00,0,640.00,2024-03-19,13:40:55,in_store,transfer,completed,,5
1247,19,1,33,1,12.90,0,12.90,2024-07-01,10:17:06,in_store,cash,completed,,3
1134,10,1,8,1,620.00,0,620.00,2024-04-08,18:26:34,in_store,cash,completed,,
1442,6,2,32,1,9.90,10,8.91,2024-11-01,15:06:12,in_store,cash,completed,,
1053,12,3,24,3,14.50,0,43.50,2024-02-14,11:39:38,in_store,cash,completed,,
1358,7,1,11,1,699.00,15,594.15,2024-09-11,17:04:18,in_store,cash,completed,,
1454,28,,12,1,249.00,0,249.00,2024-11-07,05:29:26,online,card,completed,2024-11-08,4
1221,25,,20,2,99.00,0,198.00,2024-06-03,20:16:02,online,card,completed,2024-06-04,4
1376,7,3,37,2,55.00,15,93.50,2024-09-21,17:14:41,in_store,cash,completed,,5
1142,9,7,26,1,79.00,10,71.10,2024-04-16,18:10:48,in_store,card,returned,,
1074,6,,30,1,210.00,0,210.00,2024-03-01,09:53:53,online,card,returned,2024-03-02,
1381,18,,32,1,9.90,0,9.90,2024-09-23,17:40:20,online,transfer,completed,2024-09-29,5
1355,1,6,22,1,45.00,0,45.00,2024-09-10,18:56:27,in_store,transfer,completed,,
1285,25,6,3,1,89.99,0,89.99,2024-07-30,13:50:24,in_store,transfer,completed,,2
1356,21,7,34,1,19.00,5,18.05,2024-09-11,10:27:20,in_store,cash,completed,,5
1037,21,8,21,3,14.99,0,44.97,2024-01-30,19:46:39,in_store,cash,completed,,5
1307,5,1,10,1,799.00,0,799.00,2024-08-10,12:10:30,in_store,cash,completed,,3
1556,12,4,6,1,299.00,0,299.00,2024-12-16,18:24:03,in_store,cash,completed,,4
1456,6,5,32,3,9.90,0,29.70,2024-11-07,13:13:59,in_store,card,completed,,5
1293,19,6,3,1,89.99,0,89.99,2024-08-03,15:10:45,in_store,card,completed,,5
1476,22,1,31,1,149.00,0,149.00,2024-11-14,12:29:49,in_store,card,completed,,3
1347,28,4,2,1,25.50,0,25.50,2024-09-04,16:36:35,in_store,card,completed,,
1439,8,1,33,3,12.90,0,38.70,2024-10-31,14:23:25,in_store,card,cancelled,,
1244,28,1,19,1,119.00,0,119.00,2024-06-26,15:16:52,in_store,cash,completed,,
1482,30,,1,1,1250.00,5,1187.50,2024-11-14,20:14:24,online,card,completed,2024-11-15,
1583,11,7,36,1,89.00,0,89.00,2024-12-25,18:08:47,in_store,card,completed,,
1168,12,,2,1,25.50,0,25.50,2024-05-04,18:58:12,online,card,cancelled,,
1072,8,,24,1,14.50,0,14.50,2024-02-29,03:45:42,online,card,completed,2024-03-02,3
1141,2,6,20,3,99.00,0,297.00,2024-04-16,16:52:39,in_store,cash,completed,,
1426,20,1,5,1,74.00,0,74.00,2024-10-25,14:44:16,in_store,card,completed,,
1031,14,2,1,1,1250.00,0,1250.00,2024-01-27,12:57:35,in_store,cash,completed,,
1550,20,5,17,2,280.00,0,560.00,2024-12-14,10:19:55,in_store,card,completed,,5
1537,2,,34,1,19.00,20,15.20,2024-12-10,16:19:24,online,card,completed,2024-12-14,
1120,9,4,5,1,74.00,0,74.00,2024-03-29,19:31:25,in_store,transfer,completed,,
1112,22,5,14,1,449.00,0,449.00,2024-03-26,13:34:47,in_store,cash,completed,,
1186,18,1,2,2,25.50,0,51.00,2024-05-18,10:27:48,in_store,cash,completed,,3
1302,12,,22,3,45.00,0,135.00,2024-08-07,12:24:38,online,card,completed,2024-08-14,4
1227,1,,5,1,74.00,10,66.60,2024-06-10,00:52:23,online,card,completed,2024-06-13,3
1026,16,,37,1,55.00,0,55.00,2024-01-22,08:12:41,online,card,completed,2024-01-26,
1552,25,2,21,3,14.99,0,44.97,2024-12-16,11:44:58,in_store,cash,completed,,2
1404,2,1,12,1,249.00,0,249.00,2024-10-04,17:33:27,in_store,cash,returned,,
1522,22,2,6,1,299.00,0,299.00,2024-12-05,15:28:58,in_store,cash,completed,,
1049,28,6,17,1,280.00,0,280.00,2024-02-10,13:37:02,in_store,cash,completed,,5
1487,14,2,24,1,14.50,0,14.50,2024-11-16,11:47:29,in_store,card,completed,,4
1051,12,,33,2,12.90,0,25.80,2024-02-10,17:01:03,online,card,completed,2024-02-12,
1484,6,2,27,1,129.00,0,129.00,2024-11-15,12:09:51,in_store,card,completed,,5
1130,22,5,22,1,45.00,0,45.00,2024-04-04,16:53:44,in_store,cash,returned,,
1367,14,2,33,1,12.90,0,12.90,2024-09-16,17:30:55,in_store,card,completed,,
1212,12,4,32,2,9.90,0,19.80,2024-05-30,12:40:43,in_store,card,completed,,4
1127,4,1,24,3,14.50,0,43.50,2024-04-03,16:38:54,in_store,cash,returned,,
1405,14,,29,1,149.00,0,149.00,2024-10-04,18:19:43,online,card,completed,2024-10-07,4
1371,23,4,12,1,249.00,0,249.00,2024-09-19,13:23:55,in_store,cash,completed,,4
1399,12,7,11,2,699.00,0,1398.00,2024-10-02,16:47:36,in_store,cash,completed,,5
1008,11,2,27,3,129.00,0,387.00,2024-01-08,18:11:40,in_store,cash,completed,,4
1200,8,8,21,1,14.99,10,13.49,2024-05-25,11:40:23,in_store,card,completed,,5
1512,26,4,22,2,45.00,0,90.00,2024-11-29,12:42:33,in_store,card,completed,,
1599,10,6,22,2,45.00,0,90.00,2024-12-31,13:17:35,in_store,card,completed,,5
1465,8,4,32,1,9.90,10,8.91,2024-11-11,12:32:18,in_store,cash,completed,,2
1055,1,5,8,1,620.00,0,620.00,2024-02-14,18:37:33,in_store,card,completed,,4
1058,20,,34,2,19.00,0,38.00,2024-02-16,17:55:40,online,card,completed,2024-02-20,5
1350,6,,5,3,74.00,0,222.00,2024-09-07,13:11:28,online,transfer,completed,2024-09-10,
1409,22,1,4,1,320.00,5,304.00,2024-10-09,12:53:07,in_store,card,completed,,
1507,4,,25,2,249.00,0,498.00,2024-11-27,20:59:30,online,transfer,completed,2024-12-01,4
1174,16,2,15,1,480.00,5,456.00,2024-05-08,15:21:52,in_store,cash,completed,,
1467,2,1,34,2,19.00,0,38.00,2024-11-12,12:44:14,in_store,transfer,completed,,5
1390,13,1,2,1,25.50,0,25.50,2024-09-27,17:19:16,in_store,cash,returned,,
1097,16,2,23,1,64.00,10,57.60,2024-03-15,13:20:28,in_store,card,completed,,
1452,12,4,2,3,25.50,5,72.68,2024-11-06,16:41:58,in_store,cash,completed,,4
1546,2,1,20,3,99.00,0,297.00,2024-12-12,17:07:08,in_store,cash,completed,,5
1079,3,,25,1,249.00,0,249.00,2024-03-04,20:19:15,online,card,completed,2024-03-09,
1110,7,2,21,1,14.99,0,14.99,2024-03-25,17:54:51,in_store,card,completed,,5
1199,19,,21,2,14.99,5,28.48,2024-05-24,22:59:55,online,card,completed,2024-05-30,
1217,21,,28,3,59.00,0,177.00,2024-05-31,17:18:44,online,card,completed,2024-06-02,5
1417,10,1,21,1,14.99,10,13.49,2024-10-16,15:08:30,in_store,card,completed,,4
1533,6,4,5,3,74.00,0,222.00,2024-12-09,10:46:23,in_store,card,completed,,
1360,16,,21,2,14.99,0,29.98,2024-09-13,07:18:05,online,card,completed,2024-09-14,4
1241,2,2,32,1,9.90,10,8.91,2024-06-22,11:26:21,in_store,card,completed,,3
1155,10,1,1,1,1250.00,0,1250.00,2024-04-24,16:15:53,in_store,transfer,completed,,5
1479,30,5,21,1,14.99,10,13.49,2024-11-14,17:04:43,in_store,cash,completed,,
1434,4,7,11,1,699.00,0,699.00,2024-10-29,16:09:35,in_store,card,completed,,4
1070,18,7,33,2,12.90,0,25.80,2024-02-28,17:00:45,in_store,cash,completed,,4
