orderID,productID,quantity,unitPrice,discountPct,lineTotal
1001,25,1,249.00,15,211.65
1002,25,1,249.00,0,249.00
1003,25,3,249.00,0,747.00
1004,28,1,59.00,0,59.00
1005,24,2,14.50,0,29.00
1005,32,1,9.90,0,9.90
1006,23,2,64.00,0,128.00
1007,5,1,74.00,0,74.00
1008,27,3,129.00,0,387.00
1009,31,1,149.00,20,119.20
1009,33,2,12.90,20,20.64
1009,32,1,9.90,20,7.92
1010,14,1,449.00,0,449.00
1011,10,1,799.00,0,799.00
1011,25,1,249.00,0,249.00
1012,12,1,249.00,0,249.00
1012,25,1,249.00,0,249.00
1013,14,1,449.00,0,449.00
1014,32,3,9.90,15,25.25
1015,19,1,119.00,0,119.00
1016,32,1,9.90,0,9.90
1017,33,1,12.90,0,12.90
1018,32,1,9.90,0,9.90
1019,2,1,25.50,0,25.50
1020,7,1,1100.00,0,1100.00
1021,14,1,449.00,15,381.65
1022,34,1,19.00,0,19.00
1023,16,1,349.00,0,349.00
1023,20,1,99.00,0,99.00
1023,33,1,12.90,0,12.90
1024,8,1,620.00,0,620.00
1025,12,1,249.00,10,224.10
1025,25,1,249.00,10,224.10
1026,37,1,55.00,0,55.00
1026,32,1,9.90,0,9.90
1027,21,1,14.99,0,14.99
1027,24,1,14.50,0,14.50
1028,2,3,25.50,0,76.50
1029,1,1,1250.00,0,1250.00
1029,5,1,74.00,0,74.00
1030,28,3,59.00,0,177.00
1031,1,1,1250.00,0,1250.00
1031,23,1,64.00,0,64.00
1031,20,1,99.00,0,99.00
1032,14,1,449.00,20,359.20
1033,2,1,25.50,0,25.50
1033,32,1,9.90,0,9.90
1034,36,1,89.00,0,89.00
1035,33,2,12.90,0,25.80
1036,3,2,89.99,10,161.98
1036,21,1,14.99,10,13.49
1036,32,1,9.90,10,8.91
1037,21,3,14.99,0,44.97
1038,30,1,210.00,0,210.00
1038,32,1,9.90,0,9.90
1038,33,1,12.90,0,12.90
1039,36,1,89.00,5,84.55
1040,5,1,74.00,0,74.00
1040,22,1,45.00,0,45.00
1040,32,1,9.90,0,9.90
1041,11,1,699.00,10,629.10
1042,33,1,12.90,0,12.90
1042,34,1,19.00,0,19.00
1043,28,1,59.00,0,59.00
1044,23,1,64.00,0,64.00
1045,33,3,12.90,10,34.83
1045,34,1,19.00,10,17.10
1045,24,1,14.50,10,13.05
1046,20,1,99.00,0,99.00
1047,32,3,9.90,10,26.73
1048,25,3,249.00,0,747.00
1049,17,1,280.00,0,280.00
1050,14,1,449.00,5,426.55
1051,33,2,12.90,0,25.80
1052,6,1,299.00,0,299.00
1052,34,1,19.00,0,19.00
1052,27,1,129.00,0,129.00
1053,24,3,14.50,0,43.50
1054,26,3,79.00,0,237.00
1055,8,1,620.00,0,620.00
1055,23,1,64.00,0,64.00
1056,21,3,14.99,15,38.22
1056,24,1,14.50,15,12.33
1056,33,1,12.90,15,10.97
1056,32,1,9.90,15,8.42
1057,4,1,320.00,5,304.00
1058,34,2,19.00,0,38.00
1058,33,1,12.90,0,12.90
1059,4,1,320.00,0,320.00
1059,3,1,89.99,0,89.99
1060,19,1,119.00,0,119.00
1060,21,1,14.99,0,14.99
1060,20,1,99.00,0,99.00
1060,32,1,9.90,0,9.90
1061,18,1,39.99,0,39.99
1062,24,2,14.50,0,29.00
1063,34,1,19.00,20,15.20
1063,24,1,14.50,20,11.60
1064,3,2,89.99,15,152.98
1065,26,1,79.00,0,79.00
1065,27,1,129.00,0,129.00
1065,34,1,19.00,0,19.00
1066,27,3,129.00,5,367.65
1066,32,2,9.90,5,18.81
1067,3,1,89.99,0,89.99
1068,36,3,89.00,0,267.00
1068,33,1,12.90,0,12.90
1068,32,1,9.90,0,9.90
1069,25,1,249.00,0,249.00
1069,32,1,9.90,0,9.90
1069,27,1,129.00,0,129.00
1070,33,2,12.90,0,25.80
1071,3,3,89.99,0,269.97
1071,20,1,99.00,0,99.00
1072,24,1,14.50,0,14.50
1073,12,1,249.00,0,249.00
1073,27,1,129.00,0,129.00
1074,30,1,210.00,0,210.00
1075,27,1,129.00,10,116.10
1075,34,2,19.00,10,34.20
1075,32,1,9.90,10,8.91
1076,33,2,12.90,5,24.51
1077,18,2,39.99,0,79.98
1078,5,1,74.00,0,74.00
1079,25,1,249.00,0,249.00
1079,34,1,19.00,0,19.00
1079,32,1,9.90,0,9.90
1080,15,1,480.00,0,480.00
1080,25,1,249.00,0,249.00
1080,26,1,79.00,0,79.00
1081,24,1,14.50,0,14.50
1081,22,1,45.00,0,45.00
1081,32,2,9.90,0,19.80
1082,30,1,210.00,0,210.00
1082,32,1,9.90,0,9.90
1083,26,2,79.00,0,158.00
1084,5,1,74.00,0,74.00
1085,23,1,64.00,0,64.00
1086,4,1,320.00,10,288.00
1087,14,1,449.00,10,404.10
1087,34,2,19.00,10,34.20
1088,3,1,89.99,5,85.49
1089,37,2,55.00,0,110.00
1089,32,2,9.90,0,19.80
1090,26,1,79.00,10,71.10
1091,27,3,129.00,15,328.95
1092,18,2,39.99,15,67.98
1092,21,1,14.99,15,12.74
1092,20,1,99.00,15,84.15
1093,7,1,1100.00,0,1100.00
1094,18,1,39.99,10,35.99
1095,32,2,9.90,0,19.80
1096,4,1,320.00,0,320.00
1096,3,1,89.99,0,89.99
1096,18,1,39.99,0,39.99
1097,23,1,64.00,10,57.60
1098,17,1,280.00,0,280.00
1099,2,1,25.50,0,25.50
1099,21,1,14.99,0,14.99
1100,4,2,320.00,0,640.00
1101,5,1,74.00,20,59.20
1102,23,2,64.00,0,128.00
1102,22,1,45.00,0,45.00
1103,29,1,149.00,0,149.00
1104,21,3,14.99,0,44.97
1105,5,1,74.00,0,74.00
1106,8,1,620.00,0,620.00
1107,20,1,99.00,0,99.00
1107,24,1,14.50,0,14.50
1107,21,1,14.99,0,14.99
1107,33,1,12.90,0,12.90
1108,24,2,14.50,0,29.00
1109,23,1,64.00,10,57.60
1110,21,1,14.99,0,14.99
1111,23,1,64.00,5,60.80
1112,14,1,449.00,0,449.00
1113,28,1,59.00,0,59.00
1113,22,1,45.00,0,45.00
1114,25,2,249.00,0,498.00
1115,10,1,799.00,5,759.05
1116,3,1,89.99,0,89.99
1117,2,1,25.50,0,25.50
1118,22,2,45.00,0,90.00
1119,36,2,89.00,0,178.00
1119,33,1,12.90,0,12.90
1119,32,2,9.90,0,19.80
1120,5,1,74.00,0,74.00
1121,9,1,890.00,0,890.00
1122,25,3,249.00,5,709.65
1123,23,1,64.00,0,64.00
1123,32,1,9.90,0,9.90
1124,11,1,699.00,0,699.00
1125,25,1,249.00,10,224.10
1126,5,1,74.00,5,70.30
1127,24,3,14.50,0,43.50
1128,6,1,299.00,0,299.00
1129,30,1,210.00,0,210.00
1129,32,1,9.90,0,9.90
1129,33,1,12.90,0,12.90
1130,22,1,45.00,0,45.00
1130,24,1,14.50,0,14.50
1130,33,1,12.90,0,12.90
1130,21,1,14.99,0,14.99
1131,25,2,249.00,0,498.00
1132,1,1,1250.00,0,1250.00
1133,4,1,320.00,0,320.00
1134,8,1,620.00,0,620.00
1134,22,1,45.00,0,45.00
1134,20,1,99.00,0,99.00
1134,28,1,59.00,0,59.00
1135,3,2,89.99,0,179.98
1135,21,1,14.99,0,14.99
1136,32,2,9.90,0,19.80
1137,32,2,9.90,0,19.80
1137,34,1,19.00,0,19.00
1138,18,1,39.99,0,39.99
1139,9,2,890.00,5,1691.00
1140,15,1,480.00,0,480.00
1141,20,3,99.00,0,297.00
1142,26,1,79.00,10,71.10
1142,27,1,129.00,10,116.10
1142,34,1,19.00,10,17.10
1143,26,2,79.00,0,158.00
1144,18,3,39.99,0,119.97
1145,24,2,14.50,0,29.00
1145,22,1,45.00,0,45.00
1146,8,1,620.00,5,589.00
1146,20,1,99.00,5,94.05
1146,23,1,64.00,5,60.80
1146,3,1,89.99,5,85.49
1147,32,2,9.90,0,19.80
1147,34,1,19.00,0,19.00
1148,34,1,19.00,0,19.00
1149,5,1,74.00,0,74.00
1150,10,1,799.00,0,799.00
1151,26,1,79.00,0,79.00
1152,24,2,14.50,0,29.00
1152,22,1,45.00,0,45.00
1153,26,1,79.00,15,67.15
1153,32,1,9.90,15,8.42
1153,34,1,19.00,15,16.15
1154,11,1,699.00,5,664.05
1154,34,2,19.00,5,36.10
1155,1,1,1250.00,0,1250.00
1156,9,1,890.00,5,845.50
1156,21,1,14.99,5,14.24
1157,21,3,14.99,0,44.97
1157,32,1,9.90,0,9.90
1158,1,2,1250.00,0,2500.00
1159,37,2,55.00,0,110.00
1159,32,1,9.90,0,9.90
1160,14,1,449.00,0,449.00
1161,18,1,39.99,10,35.99
1162,15,1,480.00,0,480.00
1162,18,1,39.99,0,39.99
1163,32,1,9.90,0,9.90
1164,21,1,14.99,0,14.99
1164,24,2,14.50,0,29.00
1165,16,1,349.00,0,349.00
1166,13,1,599.00,5,569.05
1166,26,1,79.00,5,75.05
1167,2,3,25.50,0,76.50
1167,24,1,14.50,0,14.50
1167,32,1,9.90,0,9.90
1168,2,1,25.50,0,25.50
1169,7,1,1100.00,0,1100.00
1169,21,1,14.99,0,14.99
1169,23,2,64.00,0,128.00
1170,24,1,14.50,0,14.50
1170,32,1,9.90,0,9.90
1170,22,1,45.00,0,45.00
1171,2,3,25.50,10,68.85
1171,33,1,12.90,10,11.61
1171,24,1,14.50,10,13.05
1171,32,1,9.90,10,8.91
1172,33,3,12.90,0,38.70
1173,34,1,19.00,0,19.00
1174,15,1,480.00,5,456.00
1174,26,1,79.00,5,75.05
1175,4,1,320.00,0,320.00
1175,3,1,89.99,0,89.99
1175,20,1,99.00,0,99.00
1176,29,2,149.00,0,298.00
1176,33,1,12.90,0,12.90
1177,8,1,620.00,5,589.00
1178,10,1,799.00,0,799.00
1179,8,2,620.00,0,1240.00
1180,28,3,59.00,5,168.15
1180,32,1,9.90,5,9.41
1180,33,1,12.90,5,12.26
1181,17,2,280.00,5,532.00
1182,24,1,14.50,0,14.50
1183,14,1,449.00,0,449.00
1183,26,1,79.00,0,79.00
1183,18,1,39.99,0,39.99
1184,13,1,599.00,0,599.00
1184,25,1,249.00,0,249.00
1185,28,2,59.00,0,118.00
1186,2,2,25.50,0,51.00
1187,2,2,25.50,0,51.00
1188,24,1,14.50,0,14.50
1189,20,1,99.00,0,99.00
1190,33,1,12.90,5,12.26
1191,32,2,9.90,0,19.80
1192,22,3,45.00,0,135.00
1192,32,2,9.90,0,19.80
1192,24,1,14.50,0,14.50
1193,6,3,299.00,5,852.15
1194,5,1,74.00,0,74.00
1195,27,1,129.00,0,129.00
1196,14,1,449.00,0,449.00
1196,26,1,79.00,0,79.00
1196,18,1,39.99,0,39.99
1197,24,3,14.50,0,43.50
1197,22,1,45.00,0,45.00
1198,24,1,14.50,0,14.50
1199,21,2,14.99,5,28.48
1200,21,1,14.99,10,13.49
1201,22,1,45.00,0,45.00
1202,6,1,299.00,0,299.00
1203,33,1,12.90,0,12.90
1204,3,1,89.99,0,89.99
1204,21,1,14.99,0,14.99
1205,5,1,74.00,0,74.00
1205,24,1,14.50,0,14.50
1206,20,3,99.00,0,297.00
1207,34,1,19.00,0,19.00
1208,3,1,89.99,0,89.99
1209,12,1,249.00,0,249.00
1210,15,2,480.00,0,960.00
1210,26,1,79.00,0,79.00
1210,32,1,9.90,0,9.90
1211,32,2,9.90,0,19.80
1211,34,1,19.00,0,19.00
1212,32,2,9.90,0,19.80
1213,19,2,119.00,0,238.00
1213,21,1,14.99,0,14.99
1214,28,2,59.00,0,118.00
1214,33,1,12.90,0,12.90
1214,22,1,45.00,0,45.00
1215,24,2,14.50,10,26.10
1215,22,1,45.00,10,40.50
1216,10,1,799.00,0,799.00
1216,26,1,79.00,0,79.00
1216,27,1,129.00,0,129.00
1217,28,3,59.00,0,177.00
1218,22,2,45.00,0,90.00
1219,22,2,45.00,0,90.00
1219,33,1,12.90,0,12.90
1219,24,1,14.50,0,14.50
1220,4,2,320.00,0,640.00
1221,20,2,99.00,0,198.00
1222,22,2,45.00,10,81.00
1223,5,2,74.00,0,148.00
1224,34,3,19.00,0,57.00
1225,21,1,14.99,0,14.99
1226,16,1,349.00,0,349.00
1227,5,1,74.00,10,66.60
1227,32,1,9.90,10,8.91
1227,22,1,45.00,10,40.50
1227,24,1,14.50,10,13.05
1228,10,2,799.00,0,1598.00
1229,9,1,890.00,0,890.00
1230,7,1,1100.00,0,1100.00
1230,28,1,59.00,0,59.00
1231,6,1,299.00,5,284.05
1232,32,2,9.90,5,18.81
1233,24,1,14.50,0,14.50
1233,22,1,45.00,0,45.00
1234,21,1,14.99,0,14.99
1234,33,1,12.90,0,12.90
1234,24,1,14.50,0,14.50
1235,13,1,599.00,15,509.15
1236,28,1,59.00,5,56.05
1236,33,1,12.90,5,12.26
1237,4,1,320.00,0,320.00
1237,33,1,12.90,0,12.90
1237,18,1,39.99,0,39.99
1238,6,1,299.00,0,299.00
1239,33,2,12.90,0,25.80
1239,32,1,9.90,0,9.90
1239,34,1,19.00,0,19.00
1240,19,2,119.00,0,238.00
1240,32,1,9.90,0,9.90
1240,21,1,14.99,0,14.99
1241,32,1,9.90,10,8.91
1242,7,1,1100.00,0,1100.00
1242,22,1,45.00,0,45.00
1243,22,2,45.00,0,90.00
1244,19,1,119.00,0,119.00
1244,32,1,9.90,0,9.90
1245,23,1,64.00,0,64.00
1246,9,2,890.00,0,1780.00
1247,33,1,12.90,0,12.90
1248,3,1,89.99,0,89.99
1248,20,1,99.00,0,99.00
1248,21,1,14.99,0,14.99
1249,13,1,599.00,0,599.00
1250,28,3,59.00,0,177.00
1251,25,2,249.00,5,473.10
1252,8,1,620.00,0,620.00
1252,3,1,89.99,0,89.99
1252,5,2,74.00,0,148.00
1253,11,1,699.00,0,699.00
1253,25,1,249.00,0,249.00
1254,16,2,349.00,5,663.10
1255,14,1,449.00,0,449.00
1255,26,1,79.00,0,79.00
1256,27,1,129.00,5,122.55
1257,33,3,12.90,0,38.70
1257,34,1,19.00,0,19.00
1258,16,1,349.00,0,349.00
1259,5,3,74.00,0,222.00
1259,32,1,9.90,0,9.90
1259,22,1,45.00,0,45.00
1259,24,1,14.50,0,14.50
1260,33,1,12.90,0,12.90
1260,34,1,19.00,0,19.00
1260,32,1,9.90,0,9.90
1261,24,3,14.50,0,43.50
1262,10,1,799.00,0,799.00
1263,21,1,14.99,0,14.99
1264,22,3,45.00,0,135.00
1265,26,1,79.00,10,71.10
1265,34,2,19.00,10,34.20
1266,17,1,280.00,0,280.00
1267,33,1,12.90,0,12.90
1268,2,1,25.50,0,25.50
1269,10,1,799.00,0,799.00
1269,25,1,249.00,0,249.00
1270,24,1,14.50,0,14.50
1271,12,1,249.00,0,249.00
1272,16,1,349.00,0,349.00
1272,28,1,59.00,0,59.00
1272,18,1,39.99,0,39.99
1272,20,1,99.00,0,99.00
1273,27,2,129.00,0,258.00
1274,28,1,59.00,0,59.00
1274,22,1,45.00,0,45.00
1274,32,2,9.90,0,19.80
1275,6,1,299.00,0,299.00
1275,27,1,129.00,0,129.00
1275,32,1,9.90,0,9.90
1276,10,2,799.00,0,1598.00
1277,31,1,149.00,0,149.00
1277,32,1,9.90,0,9.90
1278,21,1,14.99,0,14.99
1278,33,1,12.90,0,12.90
1278,24,1,14.50,0,14.50
1279,33,3,12.90,0,38.70
1280,13,1,599.00,0,599.00
1281,21,1,14.99,0,14.99
1282,1,1,1250.00,0,1250.00
1283,24,1,14.50,0,14.50
1284,25,2,249.00,0,498.00
1285,3,1,89.99,0,89.99
1285,20,1,99.00,0,99.00
1286,34,2,19.00,0,38.00
1287,16,1,349.00,0,349.00
1288,14,1,449.00,0,449.00
1288,26,1,79.00,0,79.00
1288,25,1,249.00,0,249.00
1289,23,2,64.00,0,128.00
1290,36,3,89.00,20,213.60
1290,32,1,9.90,20,7.92
1291,3,1,89.99,0,89.99
1292,22,1,45.00,0,45.00
1292,33,1,12.90,0,12.90
1293,3,1,89.99,0,89.99
1294,28,2,59.00,0,118.00
1294,32,1,9.90,0,9.90
1295,34,1,19.00,0,19.00
1296,21,1,14.99,5,14.24
1297,15,1,480.00,15,408.00
1298,7,1,1100.00,0,1100.00
1299,31,1,149.00,0,149.00
1299,33,1,12.90,0,12.90
1300,26,1,79.00,0,79.00
1300,27,1,129.00,0,129.00
1301,23,2,64.00,0,128.00
1302,22,3,45.00,0,135.00
1303,33,1,12.90,0,12.90
1304,13,1,599.00,0,599.00
1305,8,1,620.00,0,620.00
1306,17,1,280.00,10,252.00
1307,10,1,799.00,0,799.00
1307,24,1,14.50,0,14.50
1307,25,1,249.00,0,249.00
1308,33,1,12.90,0,12.90
1308,32,1,9.90,0,9.90
1309,36,2,89.00,0,178.00
1309,33,1,12.90,0,12.90
1310,33,2,12.90,5,24.51
1311,5,1,74.00,0,74.00
1312,22,2,45.00,0,90.00
1313,23,1,64.00,0,64.00
1314,1,2,1250.00,5,2375.00
1315,28,3,59.00,0,177.00
1316,20,3,99.00,15,252.45
1316,33,2,12.90,15,21.93
1316,32,1,9.90,15,8.42
1317,27,1,129.00,0,129.00
1317,32,1,9.90,0,9.90
1318,5,2,74.00,0,148.00
1319,19,1,119.00,0,119.00
1319,32,2,9.90,0,19.80
1320,21,1,14.99,0,14.99
1320,33,1,12.90,0,12.90
1321,27,1,129.00,0,129.00
1321,32,1,9.90,0,9.90
1321,34,1,19.00,0,19.00
1322,26,2,79.00,0,158.00
1323,20,2,99.00,0,198.00
1323,24,2,14.50,0,29.00
1323,32,1,9.90,0,9.90
1324,31,1,149.00,15,126.65
1324,32,1,9.90,15,8.42
1324,33,1,12.90,15,10.97
1325,32,1,9.90,15,8.42
1326,21,1,14.99,0,14.99
1327,12,2,249.00,0,498.00
1328,27,2,129.00,15,219.30
1329,4,1,320.00,0,320.00
1330,14,1,449.00,0,449.00
1331,27,2,129.00,0,258.00
1332,19,3,119.00,0,357.00
1332,21,1,14.99,0,14.99
1333,34,2,19.00,10,34.20
1333,32,1,9.90,10,8.91
1333,33,1,12.90,10,11.61
1334,30,1,210.00,0,210.00
1335,20,1,99.00,0,99.00
1335,32,1,9.90,0,9.90
1335,24,1,14.50,0,14.50
1336,2,2,25.50,0,51.00
1336,33,1,12.90,0,12.90
1337,34,3,19.00,0,57.00
1337,33,1,12.90,0,12.90
1338,30,1,210.00,0,210.00
1339,33,3,12.90,0,38.70
1340,31,2,149.00,0,298.00
1341,21,1,14.99,0,14.99
1341,32,2,9.90,0,19.80
1342,24,2,14.50,0,29.00
1342,22,1,45.00,0,45.00
1342,32,2,9.90,0,19.80
1343,28,1,59.00,0,59.00
1343,32,1,9.90,0,9.90
1344,14,1,449.00,0,449.00
1345,27,1,129.00,0,129.00
1345,34,1,19.00,0,19.00
1346,4,1,320.00,5,304.00
1346,33,2,12.90,5,24.51
1346,18,1,39.99,5,37.99
1346,20,1,99.00,5,94.05
1347,2,1,25.50,0,25.50
1347,33,1,12.90,0,12.90
1348,34,1,19.00,20,15.20
1349,24,3,14.50,0,43.50
1349,22,1,45.00,0,45.00
1350,5,3,74.00,0,222.00
1351,33,3,12.90,0,38.70
1352,3,2,89.99,0,179.98
1352,21,1,14.99,0,14.99
1353,33,2,12.90,0,25.80
1353,32,1,9.90,0,9.90
1354,23,1,64.00,0,64.00
1355,22,1,45.00,0,45.00
1355,33,1,12.90,0,12.90
1355,24,1,14.50,0,14.50
1355,21,1,14.99,0,14.99
1356,34,1,19.00,5,18.05
1357,9,1,890.00,0,890.00
1358,11,1,699.00,15,594.15
1358,26,1,79.00,15,67.15
1359,21,3,14.99,0,44.97
1359,24,1,14.50,0,14.50
1360,21,2,14.99,0,29.98
1361,21,1,14.99,0,14.99
1361,24,1,14.50,0,14.50
1362,2,1,25.50,0,25.50
1363,1,2,1250.00,0,2500.00
1364,23,2,64.00,10,115.20
1364,22,1,45.00,10,40.50
1364,32,2,9.90,10,17.82
1365,22,2,45.00,0,90.00
1366,28,2,59.00,5,112.10
1367,33,1,12.90,0,12.90
1367,32,1,9.90,0,9.90
1367,24,1,14.50,0,14.50
1368,22,3,45.00,10,121.50
1368,24,1,14.50,10,13.05
1369,19,1,119.00,0,119.00
1370,2,1,25.50,15,21.68
1371,12,1,249.00,0,249.00
1372,24,1,14.50,0,14.50
1372,22,1,45.00,0,45.00
1372,32,1,9.90,0,9.90
1373,24,1,14.50,0,14.50
1373,32,1,9.90,0,9.90
1374,11,1,699.00,5,664.05
1375,22,3,45.00,5,128.25
1376,37,2,55.00,15,93.50
1377,13,1,599.00,0,599.00
1378,4,1,320.00,0,320.00
1379,25,1,249.00,0,249.00
1380,3,1,89.99,15,76.49
1381,32,1,9.90,0,9.90
1382,33,1,12.90,15,10.97
1382,34,1,19.00,15,16.15
1383,24,3,14.50,0,43.50
1384,2,3,25.50,0,76.50
1384,32,2,9.90,0,19.80
1384,21,1,14.99,0,14.99
1384,33,2,12.90,0,25.80
1385,1,2,1250.00,0,2500.00
1386,25,2,249.00,0,498.00
1387,3,2,89.99,5,170.98
1388,6,1,299.00,10,269.10
1389,5,1,74.00,0,74.00
1389,24,1,14.50,0,14.50
1390,2,1,25.50,0,25.50
1390,32,1,9.90,0,9.90
1390,21,1,14.99,0,14.99
1390,24,1,14.50,0,14.50
1391,3,2,89.99,0,179.98
1392,1,1,1250.00,0,1250.00
1392,22,1,45.00,0,45.00
1393,9,1,890.00,15,756.50
1394,2,2,25.50,5,48.45
1395,22,2,45.00,0,90.00
1395,24,2,14.50,0,29.00
1396,21,3,14.99,10,40.47
1397,15,1,480.00,0,480.00
1398,23,1,64.00,5,60.80
1398,32,1,9.90,5,9.41
1398,24,1,14.50,5,13.78
1399,11,2,699.00,0,1398.00
1400,32,1,9.90,0,9.90
1401,10,1,799.00,0,799.00
1402,17,2,280.00,0,560.00
1402,3,1,89.99,0,89.99
1403,23,1,64.00,0,64.00
1403,24,1,14.50,0,14.50
1404,12,1,249.00,0,249.00
1405,29,1,149.00,0,149.00
1405,33,2,12.90,0,25.80
1406,25,1,249.00,0,249.00
1406,34,1,19.00,0,19.00
1407,20,2,99.00,0,198.00
1407,33,2,12.90,0,25.80
1408,7,1,1100.00,0,1100.00
1408,3,1,89.99,0,89.99
1409,4,1,320.00,5,304.00
1410,30,1,210.00,0,210.00
1411,24,3,14.50,5,41.33
1412,21,1,14.99,10,13.49
1413,22,3,45.00,0,135.00
1414,17,1,280.00,0,280.00
1415,34,2,19.00,0,38.00
1416,33,1,12.90,0,12.90
1416,34,2,19.00,0,38.00
1416,32,1,9.90,0,9.90
1416,24,1,14.50,0,14.50
1417,21,1,14.99,10,13.49
1418,24,2,14.50,0,29.00
1419,28,1,59.00,0,59.00
1420,26,1,79.00,0,79.00
1421,7,1,1100.00,20,880.00
1422,25,1,249.00,0,249.00
1422,32,1,9.90,0,9.90
1422,34,1,19.00,0,19.00
1422,27,1,129.00,0,129.00
1423,1,1,1250.00,0,1250.00
1424,33,1,12.90,0,12.90
1424,32,1,9.90,0,9.90
1424,24,1,14.50,0,14.50
1424,34,1,19.00,0,19.00
1425,26,3,79.00,0,237.00
1426,5,1,74.00,0,74.00
1426,32,2,9.90,0,19.80
1427,32,1,9.90,0,9.90
1427,24,1,14.50,0,14.50
1428,32,2,9.90,5,18.81
1428,33,1,12.90,5,12.26
1428,34,1,19.00,5,18.05
1428,24,1,14.50,5,13.78
1429,12,2,249.00,0,498.00
1430,36,2,89.00,0,178.00
1430,33,1,12.90,0,12.90
1431,20,1,99.00,0,99.00
1431,32,1,9.90,0,9.90
1432,33,2,12.90,0,25.80
1433,3,3,89.99,0,269.97
1433,32,1,9.90,0,9.90
1433,21,1,14.99,0,14.99
1434,11,1,699.00,0,699.00
1434,26,1,79.00,0,79.00
1435,21,3,14.99,0,44.97
1435,24,1,14.50,0,14.50
1436,10,1,799.00,0,799.00
1437,33,2,12.90,0,25.80
1438,2,1,25.50,0,25.50
1438,24,2,14.50,0,29.00
1439,33,3,12.90,0,38.70
1440,20,1,99.00,0,99.00
1441,2,3,25.50,0,76.50
1441,33,1,12.90,0,12.90
1441,21,1,14.99,0,14.99
1441,32,1,9.90,0,9.90
1442,32,1,9.90,10,8.91
1443,17,1,280.00,10,252.00
1444,1,1,1250.00,0,1250.00
1444,23,1,64.00,0,64.00
1445,3,3,89.99,0,269.97
1446,33,2,12.90,0,25.80
1447,6,1,299.00,0,299.00
1447,32,2,9.90,0,19.80
1448,14,1,449.00,5,426.55
1449,32,2,9.90,0,19.80
1449,34,2,19.00,0,38.00
1450,23,3,64.00,0,192.00
1451,26,1,79.00,0,79.00
1451,32,1,9.90,0,9.90
1452,2,3,25.50,5,72.68
1453,28,1,59.00,0,59.00
1453,32,1,9.90,0,9.90
1454,12,1,249.00,0,249.00
1455,32,2,9.90,10,17.82
1455,24,1,14.50,10,13.05
1456,32,3,9.90,0,29.70
1457,2,2,25.50,0,51.00
1458,19,3,119.00,0,357.00
1459,16,1,349.00,10,314.10
1459,20,1,99.00,10,89.10
1460,29,1,149.00,5,141.55
1461,6,3,299.00,0,897.00
1462,2,2,25.50,0,51.00
1462,24,1,14.50,0,14.50
1463,19,1,119.00,5,113.05
1464,33,1,12.90,10,11.61
1464,24,1,14.50,10,13.05
1465,32,1,9.90,10,8.91
1466,2,1,25.50,0,25.50
1467,34,2,19.00,0,38.00
1468,19,1,119.00,10,107.10
1469,7,1,1100.00,15,935.00
1469,23,1,64.00,15,54.40
1470,12,1,249.00,0,249.00
1471,33,1,12.90,20,10.32
1471,32,1,9.90,20,7.92
1472,21,2,14.99,0,29.98
1473,31,1,149.00,0,149.00
1474,2,2,25.50,0,51.00
1475,3,2,89.99,0,179.98
1476,31,1,149.00,0,149.00
1477,28,3,59.00,0,177.00
1478,11,1,699.00,5,664.05
1479,21,1,14.99,10,13.49
1479,32,2,9.90,10,17.82
1479,33,1,12.90,10,11.61
1479,24,1,14.50,10,13.05
1480,15,1,480.00,0,480.00
1481,33,2,12.90,0,25.80
1481,24,2,14.50,0,29.00
1481,32,1,9.90,0,9.90
1482,1,1,1250.00,5,1187.50
1483,21,1,14.99,5,14.24
1484,27,1,129.00,0,129.00
1485,33,1,12.90,10,11.61
1485,24,1,14.50,10,13.05
1486,28,3,59.00,0,177.00
1487,24,1,14.50,0,14.50
1488,7,1,1100.00,15,935.00
1488,3,1,89.99,15,76.49
1489,20,3,99.00,5,282.15
1489,32,2,9.90,5,18.81
1490,37,1,55.00,0,55.00
1490,33,1,12.90,0,12.90
1490,32,2,9.90,0,19.80
1491,24,2,14.50,0,29.00
1492,20,2,99.00,0,198.00
1493,29,2,149.00,0,298.00
1494,27,1,129.00,0,129.00
1495,21,2,14.99,20,23.98
1496,32,1,9.90,0,9.90
1497,3,1,89.99,5,85.49
1498,17,1,280.00,0,280.00
1499,11,1,699.00,0,699.00
1500,21,2,14.99,0,29.98
1501,23,2,64.00,5,121.60
1501,22,1,45.00,5,42.75
1502,15,1,480.00,0,480.00
1503,33,2,12.90,0,25.80
1504,3,1,89.99,15,76.49
1504,21,1,14.99,15,12.74
1504,20,1,99.00,15,84.15
1504,32,1,9.90,15,8.42
1505,32,3,9.90,15,25.25
1506,34,3,19.00,15,48.45
1507,25,2,249.00,0,498.00
1508,23,2,64.00,0,128.00
1508,22,1,45.00,0,45.00
1509,26,3,79.00,0,237.00
1510,14,1,449.00,0,449.00
1511,5,1,74.00,0,74.00
1511,32,1,9.90,0,9.90
1511,24,2,14.50,0,29.00
1511,22,1,45.00,0,45.00
1512,22,2,45.00,0,90.00
1512,24,2,14.50,0,29.00
1512,33,1,12.90,0,12.90
1513,23,1,64.00,15,54.40
1513,24,2,14.50,15,24.65
1513,32,1,9.90,15,8.42
1514,14,1,449.00,0,449.00
1515,13,1,599.00,0,599.00
1516,1,1,1250.00,0,1250.00
1516,18,1,39.99,0,39.99
1517,32,1,9.90,0,9.90
1517,33,1,12.90,0,12.90
1517,34,1,19.00,0,19.00
1518,22,2,45.00,0,90.00
1519,10,1,799.00,0,799.00
1519,24,1,14.50,0,14.50
1520,14,1,449.00,0,449.00
1520,32,1,9.90,0,9.90
1521,4,1,320.00,0,320.00
1521,21,1,14.99,0,14.99
1521,33,1,12.90,0,12.90
1522,6,1,299.00,0,299.00
1522,34,1,19.00,0,19.00
1523,9,1,890.00,0,890.00
1523,21,1,14.99,0,14.99
1524,14,1,449.00,0,449.00
1525,19,3,119.00,0,357.00
1525,32,1,9.90,0,9.90
1526,26,2,79.00,0,158.00
1526,32,2,9.90,0,19.80
1526,27,1,129.00,0,129.00
1526,34,2,19.00,0,38.00
1527,1,1,1250.00,20,1000.00
1528,28,2,59.00,15,100.30
1528,33,1,12.90,15,10.97
1528,22,1,45.00,15,38.25
1529,4,1,320.00,0,320.00
1530,2,3,25.50,0,76.50
1531,32,1,9.90,0,9.90
1531,24,1,14.50,0,14.50
1531,33,1,12.90,0,12.90
1531,34,2,19.00,0,38.00
1532,31,1,149.00,0,149.00
1533,5,3,74.00,0,222.00
1533,24,1,14.50,0,14.50
1534,29,2,149.00,5,283.10
1534,33,1,12.90,5,12.26
1535,20,1,99.00,0,99.00
1536,23,3,64.00,5,182.40
1537,34,1,19.00,20,15.20
1537,32,1,9.90,20,7.92
1538,9,1,890.00,0,890.00
1539,20,1,99.00,0,99.00
1540,15,1,480.00,0,480.00
1541,23,3,64.00,10,172.80
1542,7,2,1100.00,15,1870.00
1543,33,2,12.90,5,24.51
1543,24,1,14.50,5,13.78
1543,32,1,9.90,5,9.41
1544,21,3,14.99,0,44.97
1544,33,2,12.90,0,25.80
1544,32,1,9.90,0,9.90
1545,1,1,1250.00,10,1125.00
1546,20,3,99.00,0,297.00
1547,34,2,19.00,0,38.00
1548,37,1,55.00,0,55.00
1549,36,2,89.00,0,178.00
1549,32,2,9.90,0,19.80
1549,33,1,12.90,0,12.90
1550,17,2,280.00,0,560.00
1551,31,1,149.00,0,149.00
1552,21,3,14.99,0,44.97
1553,24,3,14.50,0,43.50
1553,22,1,45.00,0,45.00
1553,32,1,9.90,0,9.90
1554,5,1,74.00,15,62.90
1554,24,1,14.50,15,12.33
1554,32,1,9.90,15,8.42
1555,32,1,9.90,0,9.90
1555,34,1,19.00,0,19.00
1555,24,1,14.50,0,14.50
1556,6,1,299.00,0,299.00
1556,32,2,9.90,0,19.80
1557,1,1,1250.00,0,1250.00
1558,4,1,320.00,0,320.00
1559,1,1,1250.00,0,1250.00
1560,5,3,74.00,5,210.90
1560,32,1,9.90,5,9.41
1561,8,1,620.00,0,620.00
1562,3,1,89.99,0,89.99
1563,34,2,19.00,10,34.20
1563,32,1,9.90,10,8.91
1564,3,2,89.99,0,179.98
1565,1,1,1250.00,0,1250.00
1565,5,1,74.00,0,74.00
1566,27,1,129.00,0,129.00
1567,32,2,9.90,5,18.81
1568,4,2,320.00,0,640.00
1568,20,1,99.00,0,99.00
1568,21,1,14.99,0,14.99
1569,5,2,74.00,0,148.00
1570,32,1,9.90,15,8.42
1571,30,1,210.00,10,189.00
1572,28,2,59.00,5,112.10
1572,22,1,45.00,5,42.75
1573,14,1,449.00,0,449.00
1573,32,1,9.90,0,9.90
1573,25,1,249.00,0,249.00
1573,18,1,39.99,0,39.99
1574,3,3,89.99,0,269.97
1575,25,2,249.00,0,498.00
1576,36,2,89.00,0,178.00
1577,28,3,59.00,0,177.00
1578,3,2,89.99,0,179.98
1579,14,1,449.00,0,449.00
1580,31,1,149.00,0,149.00
1580,32,1,9.90,0,9.90
1581,8,1,620.00,0,620.00
1581,3,1,89.99,0,89.99
1581,18,1,39.99,0,39.99
1582,16,1,349.00,10,314.10
1583,36,1,89.00,0,89.00
1583,32,1,9.90,0,9.90
1584,8,1,620.00,0,620.00
1584,5,1,74.00,0,74.00
1584,2,1,25.50,0,25.50
1584,20,1,99.00,0,99.00
1585,32,3,9.90,0,29.70
1586,3,2,89.99,15,152.98
1587,33,1,12.90,0,12.90
1587,24,1,14.50,0,14.50
1587,32,1,9.90,0,9.90
1588,10,2,799.00,15,1358.30
1589,3,1,89.99,15,76.49
1590,11,1,699.00,0,699.00
1590,26,1,79.00,0,79.00
1590,27,1,129.00,0,129.00
1590,34,1,19.00,0,19.00
1591,36,1,89.00,10,80.10
1591,32,1,9.90,10,8.91
1592,28,1,59.00,0,59.00
1592,22,1,45.00,0,45.00
1593,24,1,14.50,0,14.50
1594,4,1,320.00,0,320.00
1594,20,1,99.00,0,99.00
1594,28,1,59.00,0,59.00
1595,27,2,129.00,0,258.00
1596,36,1,89.00,0,89.00
1596,32,1,9.90,0,9.90
1597,4,1,320.00,5,304.00
1598,16,1,349.00,0,349.00
1599,22,2,45.00,0,90.00
1599,24,1,14.50,0,14.50
1599,33,2,12.90,0,25.80
1599,21,1,14.99,0,14.99
1600,28,1,59.00,10,53.10
